#pragma once

// Generated by tools/generate_builtin_emoji_data.py; do not edit by hand.
#include <cstddef>
#include <cstdint>

#include "ui/widgets/text_candidate_data.h"

namespace ui::widgets::text_candidate_data
{

static constexpr const char* kEmojiCandidates[] = {
    "✅",
    "❌",
    "⚠️",
    "🆘",
    "📍",
    "🚩",
    "⏳",
    "🔄",
    "👍",
    "👎",
    "❓",
    "💬",
    "👀",
    "🕒",
    "📢",
    "🚫",
    "🟢",
    "🟡",
    "🔴",
    "🛑",
    "↩️",
    "➡️",
    "🆗",
    "🤝",
    "✳️",
    "📌",
    "☑️",
    "🔒",
    "🔓",
    "📝",
    "🔔",
    "📨",
    "📥",
    "🧭",
    "🏁",
    "🔘",
    "📡",
    "📻",
    "🎙️",
    "🔊",
    "🔇",
    "📶",
    "📳",
    "📴",
    "🔋",
    "🪫",
    "🔌",
    "⚡",
    "🛰️",
    "📱",
    "⌚",
    "🔁",
    "↔️",
    "🔀",
    "👂",
    "🗣️",
    "📞",
    "🔕",
    "📣",
    "🔍",
    "📈",
    "📉",
    "🧲",
    "🪢",
    "🔧",
    "🧰",
    "💾",
    "🔐",
    "🔑",
    "🌐",
    "🧪",
    "♻️",
    "⛔",
    "🟰",
    "📟",
    "🎛️",
    "🗺️",
    "🏔️",
    "⛰️",
    "🥾",
    "🚶",
    "🛤️",
    "🪨",
    "🌲",
    "🌳",
    "🏕️",
    "🏠",
    "🌉",
    "🪜",
    "🕳️",
    "🏞️",
    "🌊",
    "🏝️",
    "🧱",
    "↗️",
    "↘️",
    "↙️",
    "↖️",
    "⬆️",
    "⬇️",
    "⬅️",
    "🔙",
    "🚧",
    "🎯",
    "📏",
    "⏱️",
    "🛣️",
    "🚲",
    "⛵",
    "🧗",
    "🪂",
    "🔭",
    "🛶",
    "🏜️",
    "🌋",
    "🗾",
    "🪵",
    "🧳",
    "☀️",
    "🌤️",
    "☁️",
    "🌧️",
    "⛈️",
    "❄️",
    "🌨️",
    "🌬️",
    "🌫️",
    "🌪️",
    "🌡️",
    "🥶",
    "🥵",
    "💧",
    "🔥",
    "🌈",
    "🌙",
    "🌅",
    "🌇",
    "🚨",
    "☢️",
    "🌀",
    "🧊",
    "☂️",
    "🌂",
    "🧥",
    "🧣",
    "🧤",
    "👓",
    "🟠",
    "🌦️",
    "🌩️",
    "💨",
    "🌁",
    "🌄",
    "🌃",
    "⛺",
    "🪓",
    "🔪",
    "🧯",
    "🚰",
    "🥫",
    "🍞",
    "🍲",
    "🧂",
    "🎒",
    "🛏️",
    "🧢",
    "🔦",
    "🕯️",
    "🪝",
    "🪚",
    "🏚️",
    "🚪",
    "🐾",
    "🦟",
    "🐻",
    "🐍",
    "🦌",
    "🗑️",
    "🧼",
    "📦",
    "⚖️",
    "🪣",
    "🧺",
    "🧴",
    "🧻",
    "🪥",
    "🥤",
    "🍽️",
    "🥄",
    "🥢",
    "🍎",
    "🥜",
    "🍫",
    "🧀",
    "🍪",
    "🍯",
    "🧽",
    "⛽",
    "🩹",
    "🩺",
    "💊",
    "💉",
    "🩸",
    "🧠",
    "🤕",
    "🤒",
    "😵",
    "😷",
    "🦽",
    "🏥",
    "🛌",
    "☠️",
    "🤢",
    "🤮",
    "🤧",
    "😰",
    "😨",
    "🥴",
    "😖",
    "😩",
    "💤",
    "🦻",
    "🦾",
    "🧬",
    "⚕️",
    "🔬",
    "🧫",
    "🦠",
    "♿",
    "🚻",
    "🧹",
    "🪒",
    "🧘",
    "🫂",
    "🍳",
    "🥣",
    "🥘",
    "🍴",
    "🥡",
    "🍱",
    "🍛",
    "🍜",
    "🍵",
    "☕",
    "🪑",
    "🗄️",
    "🚿",
    "🛒",
    "🛢️",
    "🔩",
    "🪛",
    "🔨",
    "⚒️",
    "⛏️",
    "📒",
    "📖",
    "📚",
    "🗒️",
    "📎",
    "🗂️",
    "🗃️",
    "🧾",
    "🏷️",
    "🪪",
    "🔖",
    "🔗",
    "⛓️",
    "🛋️",
    "🛁",
    "🚽",
    "🙂",
    "😄",
    "😟",
    "😫",
    "😴",
    "🤔",
    "🤫",
    "😡",
    "🥳",
    "🙌",
    "✋",
    "👋",
    "🙏",
    "💪",
    "👤",
    "👥",
    "🧑",
    "🏃",
    "🙋",
    "🙅",
    "🙆",
    "🤞",
    "👣",
    "👮",
    "👷",
    "👩",
    "👨",
    "👵",
    "👴",
    "🤖",
    "🐶",
    "🐱",
    "🐭",
    "🐹",
    "🐰",
    "🦊",
    "🐺",
    "🐷",
    "🐮",
    "🐵",
    "🦁",
    "🐯",
    "🐴",
    "🐑",
    "🐐",
    "🐘",
    "🦉",
    "🦅",
    "🐦",
    "🐟",
    "🐢",
    "🐸",
    "🦋",
    "🐝",
};

static constexpr std::size_t kEmojiCandidateCount =
    sizeof(kEmojiCandidates) / sizeof(kEmojiCandidates[0]);

static constexpr ::ui::widgets::text_candidates::EmojiCategoryInfo kEmojiCategories[] = {
    {"common", "Common", "✅", 0U, 36U},
    {"radio", "Radio", "📡", 36U, 40U},
    {"navigation", "Nav", "🗺️", 76U, 42U},
    {"weather", "Weather", "🌦️", 118U, 36U},
    {"survival", "Survive", "⛺", 154U, 44U},
    {"medical", "Rescue", "🩹", 198U, 36U},
    {"camp", "Camp", "🍳", 234U, 36U},
    {"people", "People", "🙂", 270U, 30U},
    {"animals", "Animals", "🐶", 300U, 24U},
};

static constexpr std::size_t kEmojiCategoryCount =
    sizeof(kEmojiCategories) / sizeof(kEmojiCategories[0]);

alignas(4) static const std::uint8_t kEmojiCoreBinfont[] = {
    0x30, 0x00, 0x00, 0x00, 0x68, 0x65, 0x61, 0x64, 0x01, 0x00, 0x00, 0x00,
    0x03, 0x00, 0x10, 0x00, 0x0E, 0x00, 0xFC, 0xFF, 0x0F, 0x00, 0xFC, 0xFF,
    0x00, 0x00, 0xFC, 0xFF, 0x0E, 0x00, 0x00, 0x00, 0x10, 0x00, 0x00, 0x01,
    0x00, 0x02, 0x04, 0x05, 0x06, 0x01, 0x00, 0x00, 0x01, 0x00, 0x00, 0x00,
    0xB8, 0x02, 0x00, 0x00, 0x63, 0x6D, 0x61, 0x70, 0x02, 0x00, 0x00, 0x00,
    0x2C, 0x00, 0x00, 0x00, 0x94, 0x21, 0x00, 0x00, 0x74, 0x09, 0x01, 0x00,
    0x29, 0x00, 0x03, 0x00, 0x80, 0x00, 0x00, 0x00, 0x0F, 0xFE, 0x00, 0x00,
    0xB4, 0xFC, 0x2A, 0x00, 0x1C, 0x01, 0x03, 0x00, 0x00, 0x00, 0x02, 0x00,
    0x03, 0x00, 0x04, 0x00, 0x05, 0x00, 0x15, 0x00, 0x86, 0x01, 0x5D, 0x02,
    0x5F, 0x02, 0x6C, 0x04, 0x6D, 0x04, 0x6E, 0x04, 0x7D, 0x04, 0x81, 0x04,
    0x8C, 0x04, 0x8E, 0x04, 0xE7, 0x04, 0xEB, 0x04, 0xFE, 0x04, 0x01, 0x05,
    0x02, 0x05, 0x0C, 0x05, 0x0D, 0x05, 0x34, 0x05, 0x3B, 0x05, 0x3F, 0x05,
    0x40, 0x05, 0x5C, 0x05, 0x61, 0x05, 0x66, 0x05, 0x69, 0x05, 0x71, 0x05,
    0x77, 0x05, 0x9F, 0x05, 0xB0, 0x05, 0xB8, 0x05, 0xBF, 0x05, 0x0D, 0x06,
    0x71, 0x09, 0x72, 0x09, 0x73, 0x09, 0x00, 0x00, 0x00, 0x00, 0x88, 0xF3,
    0x89, 0xF3, 0xF1, 0xF4, 0xF2, 0xF4, 0xF3, 0xF4, 0xF4, 0xF4, 0xF5, 0xF4,
    0xF6, 0xF4, 0xF8, 0xF4, 0xF9, 0xF4, 0xFA, 0xF4, 0xFB, 0xF4, 0xFC, 0xF4,
    0x01, 0xF5, 0x0A, 0xF5, 0x12, 0xF5, 0x15, 0xF5, 0x17, 0xF5, 0x18, 0xF5,
    0x19, 0xF5, 0x1A, 0xF5, 0x1B, 0xF5, 0x1C, 0xF5, 0x1D, 0xF5, 0x23, 0xF5,
    0x24, 0xF5, 0x3F, 0xF5, 0x4C, 0xF5, 0x4D, 0xF5, 0x4F, 0xF5, 0x5B, 0xF5,
    0x5C, 0xF5, 0x60, 0xF5, 0x62, 0xF5, 0x63, 0xF5, 0x64, 0xF5, 0x65, 0xF5,
    0x66, 0xF5, 0x6E, 0xF5, 0x83, 0xF5, 0x8A, 0xF5, 0x8C, 0xF5, 0xA0, 0xF5,
    0xB2, 0xF5, 0xB4, 0xF5, 0xC5, 0xF5, 0xC6, 0xF5, 0xCB, 0xF5, 0xCD, 0xF5,
    0xCE, 0xF5, 0xCF, 0xF5, 0xD1, 0xF5, 0xD6, 0xF5, 0xE8, 0xF5, 0xFE, 0xF5,
    0x01, 0xF6, 0x02, 0xF6, 0x09, 0xF6, 0x0E, 0xF6, 0x10, 0xF6, 0x13, 0xF6,
    0x17, 0xF6, 0x1E, 0xF6, 0x1F, 0xF6, 0x20, 0xF6, 0x21, 0xF6, 0x22, 0xF6,
    0x25, 0xF6, 0x26, 0xF6, 0x27, 0xF6, 0x28, 0xF6, 0x29, 0xF6, 0x2A, 0xF6,
    0x2B, 0xF6, 0x2C, 0xF6, 0x2F, 0xF6, 0x31, 0xF6, 0x33, 0xF6, 0x3C, 0xF6,
    0x3E, 0xF6, 0x3F, 0xF6, 0x44, 0xF6, 0x54, 0xF6, 0x55, 0xF6, 0x56, 0xF6,
    0x59, 0xF6, 0x5A, 0xF6, 0x5F, 0xF6, 0x65, 0xF6, 0x66, 0xF6, 0x68, 0xF6,
    0x7A, 0xF6, 0x7B, 0xF6, 0x95, 0xF6, 0x98, 0xF6, 0x99, 0xF6, 0x9B, 0xF6,
    0x9D, 0xF6, 0xAF, 0xF6, 0xB9, 0xF6, 0xBA, 0xF6, 0xBD, 0xF6, 0xBE, 0xF6,
    0xBF, 0xF6, 0xC0, 0xF6, 0xC3, 0xF6, 0xC7, 0xF6, 0xCB, 0xF6, 0xCE, 0xF6,
    0xCF, 0xF6, 0xD0, 0xF6, 0xD2, 0xF6, 0xD3, 0xF6, 0xD4, 0xF6, 0xD6, 0xF6,
    0xD7, 0xF6, 0xD9, 0xF6, 0xE2, 0xF6, 0xE4, 0xF6, 0xE5, 0xF6, 0xE7, 0xF6,
    0xEC, 0xF6, 0xF1, 0xF6, 0xF2, 0xF6, 0xF5, 0xF6, 0xF8, 0xF6, 0xFB, 0xF6,
    0xFC, 0xF6, 0xFD, 0xF6, 0xFE, 0xF6, 0x01, 0xF7, 0x02, 0xF7, 0x03, 0xF7,
    0x04, 0xF7, 0x05, 0xF7, 0x06, 0xF7, 0x07, 0xF7, 0x08, 0xF7, 0x09, 0xF7,
    0x0A, 0xF7, 0x16, 0xF7, 0x17, 0xF7, 0x18, 0xF7, 0x19, 0xF7, 0x1A, 0xF7,
    0x1B, 0xF7, 0x1D, 0xF7, 0x1E, 0xF7, 0x25, 0xF7, 0x43, 0xF7, 0x60, 0xF7,
    0x64, 0xF7, 0xB3, 0xF7, 0xB4, 0xF7, 0xB5, 0xF7, 0xC2, 0xF7, 0xC3, 0xF7,
    0xD4, 0xF7, 0xEB, 0xF7, 0xEF, 0xF7, 0xF5, 0xF7, 0x07, 0xF8, 0x10, 0xF8,
    0x12, 0xF8, 0x19, 0xF8, 0x1A, 0xF8, 0x1C, 0xF8, 0x21, 0xF8, 0x25, 0xF8,
    0x26, 0xF8, 0x28, 0xF8, 0x33, 0xF8, 0x36, 0xF8, 0x37, 0xF8, 0x3C, 0xF8,
    0x3D, 0xF8, 0x40, 0xF8, 0x98, 0xF8, 0x99, 0xF8, 0x9A, 0xF8, 0x9B, 0xF8,
    0x9C, 0xF8, 0xA1, 0xF8, 0xA3, 0xF8, 0xA7, 0xF8, 0xAC, 0xF8, 0xAE, 0xF8,
    0xB0, 0xF8, 0xB2, 0xF8, 0xBC, 0xF8, 0xBD, 0xF8, 0xC0, 0xF8, 0xC2, 0xF8,
    0xC3, 0xF8, 0xD3, 0xF8, 0xD4, 0xF8, 0xD5, 0xF8, 0xE1, 0xF8, 0xE7, 0xF8,
    0xD1, 0xF9, 0xD2, 0xF9, 0xD3, 0xF9, 0xE1, 0xF9, 0x03, 0xFB, 0x05, 0xFB,
    0x06, 0xFB, 0x07, 0xFB, 0x0E, 0xFB, 0x0F, 0xFB, 0x13, 0xFB, 0x18, 0xFB,
    0x1C, 0xFB, 0x1F, 0xFB, 0x35, 0xFB, 0x49, 0xFB, 0x4D, 0xFB, 0x52, 0xFB,
    0x53, 0xFB, 0x54, 0xFB, 0x55, 0xFB, 0x5C, 0xFB, 0x64, 0xFB, 0x65, 0xFB,
    0x66, 0xFB, 0x67, 0xFB, 0x6F, 0xFB, 0x72, 0xFB, 0x76, 0xFB, 0x7A, 0xFB,
    0x7B, 0xFB, 0x7C, 0xFB, 0x7D, 0xFB, 0x90, 0xFB, 0x91, 0xFB, 0xAC, 0xFB,
    0xAE, 0xFB, 0xAF, 0xFB, 0xB1, 0xFB, 0xB3, 0xFB, 0xBB, 0xFB, 0xC2, 0xFB,
    0xC8, 0xFB, 0xC9, 0xFB, 0xD1, 0xFB, 0xD3, 0xFB, 0xD4, 0xFB, 0xD5, 0xFB,
    0xD6, 0xFB, 0xDB, 0xFB, 0xDC, 0xFB, 0xDD, 0xFB, 0xDE, 0xFB, 0xE0, 0xFB,
    0xE1, 0xFB, 0xE2, 0xFB, 0xE3, 0xFB, 0xE4, 0xFB, 0xE5, 0xFB, 0xEA, 0xFB,
    0xEB, 0xFB, 0xEC, 0xFB, 0xED, 0xFB, 0xEE, 0xFB, 0xEF, 0xFB, 0x69, 0xFC,
    0x6A, 0xFC, 0x6B, 0xFC, 0x73, 0xFC, 0x82, 0xFC, 0x83, 0xFC, 0x84, 0xFC,
    0x8B, 0xFC, 0x8C, 0xFC, 0x8D, 0xFC, 0x8E, 0xFC, 0x93, 0xFC, 0x94, 0xFC,
    0x96, 0xFC, 0x99, 0xFC, 0x9B, 0xFC, 0x9C, 0xFC, 0xA6, 0xFC, 0xB3, 0xFC,
    0x98, 0x02, 0x00, 0x00, 0x6C, 0x6F, 0x63, 0x61, 0x46, 0x01, 0x00, 0x00,
    0x08, 0x00, 0x08, 0x00, 0x32, 0x00, 0x62, 0x00, 0x93, 0x00, 0xC6, 0x00,
    0xF8, 0x00, 0x2C, 0x01, 0x67, 0x01, 0xA5, 0x01, 0xD6, 0x01, 0x19, 0x02,
    0x4C, 0x02, 0x8C, 0x02, 0xC5, 0x02, 0x04, 0x03, 0x4A, 0x03, 0x91, 0x03,
    0xDA, 0x03, 0x17, 0x04, 0x66, 0x04, 0x9F, 0x04, 0xE7, 0x04, 0x23, 0x05,
    0x59, 0x05, 0x9F, 0x05, 0xDE, 0x05, 0x1C, 0x06, 0x5A, 0x06, 0xA5, 0x06,
    0xE1, 0x06, 0x25, 0x07, 0x6A, 0x07, 0xA7, 0x07, 0xDD, 0x07, 0x21, 0x08,
    0x66, 0x08, 0xA9, 0x08, 0xD2, 0x08, 0xFC, 0x08, 0x24, 0x09, 0x50, 0x09,
    0x7D, 0x09, 0x80, 0x09, 0xB1, 0x09, 0xE8, 0x09, 0x2B, 0x0A, 0x6F, 0x0A,
    0xB1, 0x0A, 0xF4, 0x0A, 0x3D, 0x0B, 0x84, 0x0B, 0xC6, 0x0B, 0x0D, 0x0C,
    0x55, 0x0C, 0x9D, 0x0C, 0xE2, 0x0C, 0x28, 0x0D, 0x67, 0x0D, 0x8A, 0x0D,
    0xCE, 0x0D, 0x08, 0x0E, 0x4B, 0x0E, 0x8F, 0x0E, 0xCA, 0x0E, 0x0E, 0x0F,
    0x4D, 0x0F, 0x9B, 0x0F, 0xDE, 0x0F, 0x15, 0x10, 0x4F, 0x10, 0x9C, 0x10,
    0xE8, 0x10, 0x22, 0x11, 0x6E, 0x11, 0xB3, 0x11, 0xE2, 0x11, 0x1F, 0x12,
    0x6B, 0x12, 0xA5, 0x12, 0xCA, 0x12, 0xF6, 0x12, 0x39, 0x13, 0x83, 0x13,
    0xB6, 0x13, 0xFA, 0x13, 0x48, 0x14, 0x88, 0x14, 0xC4, 0x14, 0x11, 0x15,
    0x58, 0x15, 0xA4, 0x15, 0xE8, 0x15, 0x25, 0x16, 0x70, 0x16, 0xB8, 0x16,
    0xFE, 0x16, 0x3F, 0x17, 0x87, 0x17, 0xBE, 0x17, 0xFF, 0x17, 0x4D, 0x18,
    0x9C, 0x18, 0xE2, 0x18, 0x30, 0x19, 0x7C, 0x19, 0xC3, 0x19, 0x0B, 0x1A,
    0x56, 0x1A, 0x92, 0x1A, 0xD9, 0x1A, 0x19, 0x1B, 0x5E, 0x1B, 0xA8, 0x1B,
    0xF1, 0x1B, 0x37, 0x1C, 0x84, 0x1C, 0xC6, 0x1C, 0x0D, 0x1D, 0x46, 0x1D,
    0x8D, 0x1D, 0xC2, 0x1D, 0x03, 0x1E, 0x39, 0x1E, 0x71, 0x1E, 0x91, 0x1E,
    0xD0, 0x1E, 0xFE, 0x1E, 0x3D, 0x1F, 0x6E, 0x1F, 0xA9, 0x1F, 0xDD, 0x1F,
    0x12, 0x20, 0x48, 0x20, 0x7C, 0x20, 0xB2, 0x20, 0xF2, 0x20, 0x22, 0x21,
    0x4D, 0x21, 0x98, 0x21, 0xD7, 0x21, 0x06, 0x22, 0x3A, 0x22, 0x86, 0x22,
    0xD2, 0x22, 0x11, 0x23, 0x30, 0x23, 0x7B, 0x23, 0xBB, 0x23, 0xEE, 0x23,
    0x36, 0x24, 0x82, 0x24, 0xC8, 0x24, 0x07, 0x25, 0x37, 0x25, 0x7C, 0x25,
    0xBB, 0x25, 0x04, 0x26, 0x34, 0x26, 0x74, 0x26, 0xA6, 0x26, 0xCF, 0x26,
    0x09, 0x27, 0x47, 0x27, 0x75, 0x27, 0xC3, 0x27, 0x03, 0x28, 0x3D, 0x28,
    0x7A, 0x28, 0xBD, 0x28, 0x05, 0x29, 0x28, 0x29, 0x6B, 0x29, 0xA5, 0x29,
    0xE5, 0x29, 0x29, 0x2A, 0x56, 0x2A, 0x85, 0x2A, 0xC4, 0x2A, 0x09, 0x2B,
    0x4C, 0x2B, 0x92, 0x2B, 0xD1, 0x2B, 0x0C, 0x2C, 0x44, 0x2C, 0x86, 0x2C,
    0xC2, 0x2C, 0x07, 0x2D, 0x4C, 0x2D, 0x91, 0x2D, 0xCD, 0x2D, 0x15, 0x2E,
    0x4B, 0x2E, 0x91, 0x2E, 0xB4, 0x2E, 0xDB, 0x2E, 0x07, 0x2F, 0x40, 0x2F,
    0x7A, 0x2F, 0xBF, 0x2F, 0xFA, 0x2F, 0x2D, 0x30, 0x79, 0x30, 0xBA, 0x30,
    0xFE, 0x30, 0x44, 0x31, 0x84, 0x31, 0xC9, 0x31, 0x0C, 0x32, 0x53, 0x32,
    0x9B, 0x32, 0xE1, 0x32, 0x27, 0x33, 0x70, 0x33, 0xB4, 0x33, 0xF3, 0x33,
    0x3D, 0x34, 0x8B, 0x34, 0xC4, 0x34, 0x0D, 0x35, 0x47, 0x35, 0x82, 0x35,
    0xC5, 0x35, 0xFE, 0x35, 0x1C, 0x36, 0x5C, 0x36, 0x9D, 0x36, 0xDC, 0x36,
    0x06, 0x37, 0x45, 0x37, 0x72, 0x37, 0xB8, 0x37, 0xFD, 0x37, 0x42, 0x38,
    0x78, 0x38, 0xAD, 0x38, 0xE4, 0x38, 0x24, 0x39, 0x5B, 0x39, 0xA5, 0x39,
    0xE9, 0x39, 0x1F, 0x3A, 0x63, 0x3A, 0xB1, 0x3A, 0xFB, 0x3A, 0x49, 0x3B,
    0x66, 0x3B, 0xAE, 0x3B, 0xF3, 0x3B, 0x39, 0x3C, 0x7B, 0x3C, 0xB5, 0x3C,
    0xE8, 0x3C, 0x2C, 0x3D, 0x76, 0x3D, 0xBA, 0x3D, 0x01, 0x3E, 0x40, 0x3E,
    0x8A, 0x3E, 0xD2, 0x3E, 0x18, 0x3F, 0x5B, 0x3F, 0x9F, 0x3F, 0xCC, 0x3F,
    0xF7, 0x3F, 0x3F, 0x40, 0x81, 0x40, 0xCE, 0x40, 0x25, 0x41, 0x71, 0x41,
    0xB6, 0x41, 0xF6, 0x41, 0x35, 0x42, 0x7D, 0x42, 0xCE, 0x42, 0x03, 0x43,
    0x4C, 0x43, 0x92, 0x43, 0xCE, 0x43, 0x15, 0x44, 0x5A, 0x44, 0x9D, 0x44,
    0xCC, 0x44, 0x11, 0x45, 0x49, 0x45, 0x7C, 0x45, 0xB3, 0x45, 0xFA, 0x45,
    0x32, 0x46, 0x6B, 0x46, 0xBE, 0x46, 0x0F, 0x47, 0x5C, 0x47, 0x8E, 0x47,
    0xBD, 0x47, 0x0A, 0x48, 0x2F, 0x48, 0x6A, 0x48, 0xAD, 0x48, 0xE4, 0x48,
    0x1F, 0x49, 0x4A, 0x49, 0x8D, 0x49, 0xDA, 0x49, 0x03, 0x4A, 0x4B, 0x4A,
    0x99, 0x4A, 0xD8, 0x4A, 0x06, 0x4B, 0x49, 0x4B, 0x8D, 0x4B, 0xD3, 0x4B,
    0xFF, 0x4B, 0x3E, 0x4C, 0x80, 0x4C, 0xC7, 0x4C, 0x0A, 0x4D, 0x32, 0x4D,
    0x66, 0x4D, 0x95, 0x4D, 0xDB, 0x4D, 0x1D, 0x4E, 0x67, 0x4E, 0x98, 0x4E,
    0xC0, 0x4E, 0xF9, 0x4E, 0x38, 0x4F, 0x00, 0x00, 0x67, 0x6C, 0x79, 0x66,
    0x50, 0xB6, 0x31, 0x17, 0xFF, 0x86, 0x75, 0xFF, 0xC3, 0x43, 0xFF, 0xF8,
    0xE1, 0x9C, 0x3F, 0x30, 0x76, 0x61, 0xE6, 0x07, 0xE4, 0x18, 0x72, 0x12,
    0xE0, 0xA0, 0xF6, 0x0A, 0xE2, 0x43, 0xED, 0x0E, 0x90, 0xFE, 0x83, 0x28,
    0x3F, 0xFD, 0x90, 0x7F, 0xF0, 0xD0, 0x50, 0xB6, 0x31, 0x7F, 0xFF, 0x85,
    0x10, 0x7F, 0xF0, 0x94, 0x1F, 0xFD, 0xA6, 0xB0, 0x7F, 0xF0, 0x35, 0xA0,
    0xFF, 0xEA, 0xE1, 0xFF, 0xC0, 0xF9, 0x30, 0xFF, 0x90, 0x49, 0x87, 0xFF,
    0x0A, 0x4C, 0x3F, 0xF8, 0x52, 0x21, 0xFF, 0xC2, 0xA2, 0x1F, 0xFC, 0x34,
    0x3F, 0xFB, 0x4F, 0x5F, 0xFC, 0x30, 0x50, 0xB6, 0x31, 0x7F, 0xFF, 0x85,
    0x10, 0x7F, 0xF0, 0x94, 0x1F, 0xFD, 0xD6, 0xB0, 0x7F, 0xF0, 0x17, 0x83,
    0xFF, 0x82, 0x87, 0xFF, 0x0E, 0x43, 0xFF, 0x85, 0x27, 0x90, 0xFF, 0x49,
    0x82, 0x0F, 0xE9, 0x30, 0xFF, 0xE0, 0xA6, 0x1F, 0xFC, 0x2B, 0x0F, 0xFE,
    0x1A, 0x1F, 0xFE, 0x17, 0xAF, 0xFE, 0x18, 0x50, 0xB6, 0x31, 0x17, 0xFF,
    0x84, 0x0E, 0xBF, 0xF8, 0x58, 0x7F, 0xF1, 0x50, 0xFF, 0xED, 0x78, 0x3F,
    0xF8, 0x69, 0x87, 0xFF, 0x0A, 0x4C, 0x3F, 0xF8, 0x52, 0x60, 0x83, 0xFE,
    0x93, 0xC8, 0x7F, 0xF0, 0x24, 0x3F, 0xF8, 0x88, 0x7F, 0xF0, 0xD7, 0x83,
    0xFF, 0x80, 0xD6, 0x0F, 0xFE, 0xDA, 0x1F, 0xFC, 0x25, 0x00, 0x50, 0xB6,
    0x31, 0x17, 0xFF, 0x84, 0x0E, 0xBF, 0xF8, 0x58, 0x7F, 0xF1, 0x50, 0xFF,
    0xE8, 0x21, 0xFF, 0xC3, 0xA2, 0x1F, 0xFC, 0x19, 0x10, 0xFF, 0xE0, 0x49,
    0x87, 0xF2, 0x09, 0x30, 0xFF, 0x7A, 0x4C, 0x3F, 0xF8, 0x29, 0x87, 0xFF,
    0x47, 0x5A, 0x0F, 0xFE, 0x03, 0x58, 0x3F, 0xFB, 0xC8, 0x7F, 0xF0, 0x94,
    0x50, 0xB6, 0x31, 0x6F, 0xFF, 0xE0, 0xC4, 0x87, 0xFF, 0x05, 0x0F, 0xFE,
    0x65, 0xFA, 0x0F, 0xFE, 0x23, 0x87, 0xFA, 0xFC, 0x98, 0x7F, 0xF0, 0xA0,
    0xFF, 0x21, 0xFF, 0xC3, 0xF0, 0x7F, 0xF0, 0xB1, 0xAE, 0xC8, 0x3A, 0x09,
    0x78, 0x90, 0xE9, 0x1F, 0xF2, 0x1F, 0x48, 0x7F, 0xF1, 0x28, 0x1F, 0xFE,
    0x1E, 0xBF, 0xF8, 0x58, 0x50, 0xF5, 0xD1, 0x0A, 0xBE, 0x0F, 0x57, 0xD8,
    0x79, 0xAF, 0xC1, 0x91, 0x29, 0x81, 0x0D, 0x9C, 0x2A, 0xC4, 0x36, 0x12,
    0x17, 0x82, 0xD0, 0xFF, 0x96, 0x10, 0xA0, 0x69, 0x88, 0xDB, 0x0A, 0x9C,
    0x41, 0x28, 0x0A, 0x02, 0xC1, 0x41, 0xBC, 0x9A, 0x1F, 0xFC, 0x1C, 0x24,
    0x2F, 0x05, 0x9A, 0x23, 0x88, 0x48, 0x2F, 0xA1, 0x0E, 0x7F, 0xD6, 0x1D,
    0x5F, 0x68, 0x40, 0x50, 0xF5, 0xD1, 0x0F, 0x30, 0x7F, 0xF0, 0x35, 0x07,
    0xFD, 0x88, 0x58, 0x66, 0x49, 0x94, 0x40, 0x8F, 0xF1, 0x50, 0xFD, 0x42,
    0x3B, 0x06, 0x72, 0x1A, 0xF2, 0xAC, 0x08, 0x4A, 0xCF, 0x3A, 0x1E, 0x56,
    0x19, 0x02, 0x82, 0x83, 0x90, 0x30, 0x50, 0x4E, 0x84, 0x81, 0x59, 0x21,
    0xF9, 0xCC, 0xED, 0x04, 0x37, 0x92, 0xAE, 0x7B, 0xE8, 0x2A, 0x12, 0x5E,
    0x83, 0xA8, 0xDC, 0xC1, 0x00, 0x51, 0x75, 0x71, 0x15, 0x5C, 0x83, 0xA2,
    0xF5, 0xA5, 0xFE, 0x91, 0x1A, 0xC8, 0x1C, 0x6A, 0xF2, 0x07, 0x7E, 0x95,
    0x87, 0xEB, 0x41, 0x72, 0x5C, 0x1A, 0xF3, 0x40, 0xEB, 0x7D, 0x06, 0xA2,
    0x65, 0x03, 0xD2, 0x0D, 0x1C, 0x51, 0x0E, 0x65, 0x00, 0xC8, 0x19, 0x0C,
    0xCA, 0x2F, 0xF9, 0x32, 0xBC, 0xC8, 0x50, 0xB6, 0x31, 0x0F, 0xE8, 0x3F,
    0xCA, 0x0A, 0x0F, 0xFB, 0xD0, 0xF2, 0x1F, 0xDD, 0x3B, 0x70, 0x28, 0x3C,
    0xD3, 0x87, 0x4C, 0x3D, 0x44, 0x0E, 0xAE, 0x03, 0x4E, 0x0F, 0x5E, 0x0B,
    0xD0, 0x87, 0xFF, 0x02, 0x20, 0xFE, 0x78, 0x26, 0x43, 0xFA, 0xA0, 0xE4,
    0x3E, 0x68, 0x1A, 0xF0, 0x7A, 0xB8, 0x0E, 0x9A, 0x06, 0xC3, 0xC8, 0x29,
    0xDD, 0xB8, 0x79, 0x43, 0xCE, 0x41, 0xFF, 0x74, 0x1B, 0x0F, 0xFB, 0x0C,
    0x86, 0x50, 0x7E, 0x6D, 0x0F, 0xEA, 0xC8, 0x7F, 0xF0, 0x1A, 0xE2, 0x0F,
    0xFB, 0x83, 0x3A, 0x1F, 0x37, 0x83, 0xCE, 0x1E, 0x4B, 0x10, 0xFF, 0xE0,
    0xE8, 0x1C, 0x3F, 0xE6, 0xC3, 0x41, 0xEE, 0x02, 0x48, 0x7F, 0xCD, 0x0D,
    0x0F, 0xFE, 0xC7, 0x07, 0xFF, 0x0A, 0xC6, 0x66, 0x5A, 0x0D, 0x52, 0x13,
    0x32, 0x35, 0xF0, 0x40, 0x50, 0x76, 0x51, 0x0F, 0xE4, 0x3F, 0xF8, 0x6A,
    0x90, 0xFF, 0x99, 0x29, 0xB2, 0x1F, 0x44, 0xF9, 0x18, 0x83, 0xA8, 0x8E,
    0x0A, 0x0D, 0x02, 0x70, 0xB4, 0x2C, 0x2A, 0x03, 0x40, 0xE1, 0x98, 0x3E,
    0x67, 0x15, 0x21, 0x28, 0x33, 0x0E, 0xA1, 0x69, 0x41, 0x40, 0x78, 0x33,
    0xC0, 0x83, 0xFF, 0xC2, 0xA0, 0xFF, 0xE1, 0x27, 0x07, 0xFF, 0x0E, 0x0F,
    0xFE, 0x27, 0x40, 0xFF, 0xE1, 0xCB, 0x07, 0xE0, 0x50, 0xB6, 0x31, 0x6B,
    0xFF, 0x84, 0x9D, 0x7F, 0xF0, 0xB0, 0xFF, 0xE9, 0x78, 0x3F, 0xF8, 0x58,
    0x87, 0xFF, 0x07, 0x04, 0x1C, 0xC1, 0xD0, 0x30, 0xF6, 0xA0, 0x94, 0x61,
    0xF6, 0x40, 0x62, 0x0F, 0xC8, 0x68, 0x50, 0x7F, 0x23, 0x82, 0x0F, 0xF6,
    0x40, 0xC3, 0xFE, 0x42, 0xC3, 0xFF, 0x82, 0x90, 0x7F, 0xF0, 0xAD, 0x0F,
    0xFE, 0x7F, 0x5F, 0xFC, 0x2C, 0x50, 0xB6, 0x11, 0x0F, 0xF2, 0x1F, 0xFC,
    0x27, 0x83, 0xFE, 0x62, 0x0F, 0xF9, 0x22, 0x81, 0xFE, 0xD9, 0x83, 0xF9,
    0x8D, 0xA2, 0x1F, 0x45, 0x3D, 0x42, 0x0F, 0x25, 0xFA, 0x1A, 0x06, 0x43,
    0xF3, 0x70, 0x66, 0xFD, 0x21, 0xFC, 0x87, 0x9F, 0x41, 0xFF, 0x2B, 0x80,
    0xD4, 0x87, 0x74, 0x0B, 0x8E, 0x0D, 0x6D, 0x03, 0x9A, 0xF2, 0xD8, 0x2A,
    0x4A, 0xC3, 0x08, 0x54, 0x1A, 0xCA, 0x90, 0x00, 0x50, 0xB6, 0x31, 0x04,
    0x1F, 0xE9, 0x0B, 0xA0, 0x7E, 0x71, 0x2C, 0x33, 0x44, 0x1A, 0x84, 0x9A,
    0x8A, 0x37, 0x8B, 0x28, 0x44, 0x85, 0x7A, 0xA4, 0x09, 0x07, 0xDE, 0x0F,
    0xFE, 0x1B, 0x87, 0xE4, 0x32, 0x1F, 0xF5, 0x82, 0x88, 0x7F, 0xC8, 0x30,
    0xFF, 0xE0, 0x73, 0x3A, 0x1F, 0xC8, 0x18, 0x2B, 0x0E, 0xBC, 0x87, 0x76,
    0x82, 0x60, 0x70, 0xA9, 0xA1, 0x22, 0x74, 0x2F, 0xA0, 0x39, 0x61, 0xAB,
    0x26, 0xA1, 0x3A, 0x07, 0xE7, 0x10, 0x50, 0xB6, 0x31, 0x0F, 0x34, 0x43,
    0xFE, 0x95, 0x45, 0x41, 0xF3, 0x44, 0x33, 0x44, 0x3B, 0xA0, 0x7A, 0x82,
    0x15, 0x4C, 0x19, 0x5B, 0x81, 0xD4, 0x28, 0x28, 0x14, 0x4D, 0x82, 0x81,
    0x04, 0x98, 0x7F, 0xB0, 0xC8, 0x65, 0xDD, 0xAF, 0x07, 0x56, 0x28, 0x56,
    0x43, 0xFA, 0xC3, 0xF6, 0x86, 0x5B, 0x0E, 0xC7, 0x0D, 0x04, 0x85, 0x20,
    0xE0, 0x41, 0xA0, 0x38, 0x4F, 0x1A, 0x12, 0x42, 0x19, 0xA1, 0x7E, 0xB4,
    0x3E, 0x95, 0x51, 0x21, 0x80, 0x50, 0x76, 0x51, 0x0F, 0x35, 0xC1, 0xFF,
    0x4C, 0x56, 0x50, 0x7E, 0xC2, 0x81, 0xE0, 0xFD, 0x23, 0xE4, 0x74, 0x3F,
    0xDB, 0xE0, 0x61, 0xFA, 0x6C, 0xF5, 0x03, 0xE5, 0x4C, 0x8A, 0xA9, 0x91,
    0xC7, 0x43, 0xE8, 0xB1, 0x80, 0xE1, 0xF9, 0x28, 0x68, 0x10, 0xFB, 0x43,
    0xE9, 0x0F, 0x6E, 0x1B, 0x1E, 0x0E, 0x88, 0xBC, 0x37, 0xA9, 0x82, 0x9D,
    0x4A, 0x0D, 0x52, 0x38, 0x6A, 0x05, 0x21, 0xCE, 0x2A, 0x81, 0xD5, 0x82,
    0xA6, 0xC1, 0xE6, 0xB0, 0x50, 0x78, 0x50, 0xB6, 0x31, 0x7F, 0xFF, 0x85,
    0x10, 0x7F, 0xF0, 0x94, 0x1F, 0xF6, 0x87, 0xFB, 0xD1, 0x10, 0x7F, 0x60,
    0x7C, 0xC1, 0xF9, 0x38, 0x14, 0x43, 0xF3, 0x90, 0x20, 0xFF, 0xAC, 0x08,
    0x87, 0xF2, 0xA8, 0x35, 0x07, 0xD7, 0x95, 0x90, 0x7F, 0x38, 0x76, 0x1F,
    0xFC, 0xE6, 0x0E, 0x8C, 0x3E, 0x8F, 0xAC, 0xD0, 0xFD, 0xCA, 0x83, 0xFF,
    0x82, 0xD0, 0x3F, 0xA0, 0xFF, 0xE1, 0xA0, 0x50, 0x76, 0x51, 0x0E, 0x83,
    0x94, 0x1F, 0x9A, 0x82, 0x81, 0x07, 0xBD, 0x14, 0x10, 0x34, 0x42, 0x54,
    0x1C, 0xC4, 0x58, 0x5C, 0x15, 0x02, 0xE0, 0x50, 0xA0, 0x50, 0x72, 0x0C,
    0xD0, 0xD7, 0x40, 0x5D, 0x39, 0xE8, 0xD3, 0x2B, 0x02, 0x28, 0x08, 0x8A,
    0x24, 0x50, 0x2C, 0x24, 0x2A, 0x8F, 0x06, 0x60, 0xF5, 0x97, 0x83, 0xFE,
    0xA1, 0x02, 0x81, 0xFD, 0x42, 0xF4, 0x50, 0x3E, 0xA0, 0xEA, 0xD2, 0x81,
    0xD4, 0x11, 0x02, 0x25, 0x03, 0x93, 0x43, 0x3A, 0x83, 0xA2, 0x81, 0xE8,
    0x10, 0x00, 0x51, 0x35, 0xB1, 0x0F, 0x50, 0x3C, 0xC8, 0xB0, 0x75, 0x19,
    0x41, 0xF2, 0x51, 0x2C, 0x39, 0x2E, 0x9D, 0x14, 0x0A, 0x2F, 0xD4, 0xC0,
    0xDF, 0x5F, 0x21, 0xAF, 0xAF, 0x90, 0x96, 0xA2, 0xA9, 0xE0, 0x23, 0x44,
    0x08, 0x77, 0x28, 0x6F, 0x07, 0x35, 0x79, 0x20, 0xDF, 0x5E, 0x48, 0x24,
    0x76, 0xF8, 0x32, 0xDB, 0xA1, 0xF5, 0xE4, 0xF0, 0x7F, 0x74, 0xC2, 0x50,
    0x76, 0x51, 0x0F, 0xCA, 0x0F, 0xFE, 0x27, 0x83, 0xFC, 0xC1, 0x20, 0x42,
    0xA0, 0x6E, 0xEB, 0xF7, 0x83, 0xDB, 0x87, 0xB6, 0x43, 0xF5, 0xFA, 0x0F,
    0xE4, 0x40, 0xA0, 0x3A, 0x82, 0x70, 0xFF, 0x7D, 0x03, 0x4D, 0x0F, 0xE4,
    0x3C, 0xE1, 0xE7, 0x0E, 0xC3, 0xFD, 0xA0, 0x95, 0xCC, 0x81, 0x09, 0xA7,
    0x60, 0xEC, 0x14, 0xE0, 0x74, 0x02, 0x7D, 0x01, 0x40, 0xFC, 0x45, 0x66,
    0xC1, 0xC5, 0x60, 0xF5, 0x10, 0x34, 0x0F, 0xF5, 0x7D, 0x87, 0x00, 0x50,
    0xB6, 0x11, 0x0F, 0x98, 0x3F, 0xF8, 0x29, 0xA1, 0xFF, 0xC0, 0xD5, 0x87,
    0xFC, 0xE0, 0xD0, 0xFF, 0x68, 0x1C, 0x3F, 0x9C, 0xB3, 0x43, 0xF6, 0x86,
    0x70, 0xF9, 0xC3, 0xDA, 0x1E, 0xD0, 0xF3, 0x87, 0xB0, 0xB4, 0x2D, 0x0D,
    0x21, 0xF9, 0xC3, 0x61, 0xFE, 0xD0, 0x48, 0x66, 0x0C, 0xE1, 0xF9, 0x83,
    0xB6, 0x81, 0xCC, 0x1C, 0xE1, 0xFF, 0xC4, 0xEB, 0xFF, 0x85, 0x80, 0x50,
    0xF5, 0xD1, 0x0F, 0xF9, 0x0F, 0xFE, 0x05, 0x03, 0xFE, 0xB4, 0x3F, 0xD4,
    0xE0, 0xFC, 0xD1, 0xC3, 0xF4, 0x46, 0x87, 0xD4, 0x46, 0x0F, 0x34, 0x0B,
    0xAE, 0x12, 0x0D, 0x58, 0x8B, 0xAC, 0x13, 0x40, 0x75, 0x78, 0x09, 0x07,
    0xDA, 0x42, 0x1F, 0x50, 0xA2, 0x1F, 0xB2, 0x81, 0xFD, 0x14, 0x0F, 0xE5,
    0x10, 0x7F, 0x99, 0x0F, 0xE0, 0x50, 0x76, 0x51, 0x0F, 0xE6, 0x88, 0x7F,
    0xF0, 0x62, 0x8C, 0x1F, 0xF5, 0x10, 0xA8, 0x1F, 0x99, 0x0F, 0x48, 0x7A,
    0x2E, 0x0F, 0x61, 0xCE, 0x82, 0x81, 0xFE, 0xB4, 0x34, 0x1D, 0xC0, 0xA8,
    0x3F, 0xE6, 0x81, 0xFF, 0xC7, 0xE5, 0xFF, 0xE0, 0xD0, 0x64, 0x2C, 0x18,
    0x66, 0x0C, 0x8A, 0x14, 0x62, 0x21, 0xD6, 0x05, 0xA1, 0x2C, 0x39, 0x81,
    0x1B, 0x81, 0x83, 0xA1, 0x7B, 0x41, 0x07, 0xE8, 0x34, 0x1F, 0xFC, 0x05,
    0x03, 0x0F, 0xC0, 0x50, 0xB6, 0x11, 0x0F, 0xCA, 0xA0, 0x7F, 0xA8, 0x66,
    0x1F, 0xB6, 0xF5, 0x10, 0xFB, 0xCA, 0xE0, 0xFE, 0xB0, 0x50, 0x3F, 0x9C,
    0x8E, 0x0F, 0xED, 0xB8, 0x60, 0xFE, 0x77, 0xF2, 0x1E, 0x7C, 0x8F, 0x22,
    0x1D, 0xE8, 0x36, 0xA1, 0x0E, 0xC3, 0x9C, 0x74, 0x2D, 0x0F, 0x50, 0xB4,
    0x08, 0x7E, 0xA1, 0x68, 0x7F, 0xD4, 0x2C, 0x3F, 0xF8, 0x1A, 0x50, 0x3F,
    0xE4, 0x50, 0x7F, 0xF0, 0x50, 0x40, 0x50, 0xF5, 0xD1, 0x0F, 0xFE, 0x12,
    0x22, 0x82, 0x88, 0x35, 0x30, 0x94, 0x08, 0x5A, 0x30, 0x68, 0x24, 0x08,
    0xC1, 0x68, 0x64, 0x3F, 0x39, 0x92, 0x30, 0x5B, 0x1B, 0x31, 0x83, 0x15,
    0x20, 0xA6, 0x12, 0x14, 0x17, 0x61, 0x90, 0x21, 0xA3, 0x04, 0x86, 0x60,
    0xB0, 0xD0, 0xA2, 0x09, 0x0B, 0xB3, 0x20, 0x90, 0xBA, 0x1B, 0x20, 0xC3,
    0x4B, 0x01, 0x5E, 0x04, 0x87, 0xB4, 0x3A, 0x34, 0x50, 0xB6, 0x31, 0x0E,
    0x6B, 0x21, 0xFC, 0xF2, 0xEB, 0x43, 0xCC, 0x1F, 0xA8, 0x19, 0x83, 0xFC,
    0xC1, 0x41, 0xFF, 0xC0, 0x50, 0x87, 0xFF, 0x0A, 0x20, 0xFF, 0xE3, 0x3F,
    0xFE, 0x83, 0xB0, 0xFF, 0x20, 0x41, 0x5F, 0xFC, 0x00, 0x28, 0x0B, 0xFF,
    0x05, 0x07, 0xFF, 0x0A, 0x02, 0x1F, 0xFC, 0x14, 0x12, 0x1F, 0xF6, 0x1A,
    0x43, 0xFB, 0x0F, 0x5A, 0x19, 0xB0, 0xFE, 0xBF, 0x48, 0x70, 0x50, 0x36,
    0x91, 0x0F, 0xFE, 0x8B, 0x87, 0xFF, 0x1B, 0x30, 0xFF, 0xE2, 0x50, 0x08,
    0x7F, 0xF0, 0xB4, 0x4C, 0x3F, 0xF8, 0x2A, 0x04, 0x50, 0x3F, 0xF8, 0x1C,
    0x1E, 0x83, 0xFF, 0x90, 0x87, 0xF5, 0x49, 0x99, 0xC1, 0xFD, 0x8E, 0x82,
    0x89, 0x07, 0x9C, 0x0D, 0x0D, 0x11, 0x41, 0x92, 0xA0, 0xB2, 0xE0, 0x58,
    0x5A, 0x05, 0xB3, 0x42, 0x43, 0x50, 0xCB, 0xD6, 0x60, 0x70, 0x23, 0xE4,
    0xB9, 0x10, 0xFE, 0xE4, 0x3E, 0x70, 0x3D, 0xA0, 0x6F, 0xEA, 0x7F, 0x48,
    0x00, 0x50, 0xF5, 0xF1, 0x0F, 0xD0, 0x7F, 0xF0, 0x54, 0x1F, 0xFC, 0x06,
    0x20, 0xFF, 0x22, 0x83, 0xFC, 0xE8, 0x34, 0x3F, 0x70, 0x4E, 0x1F, 0x50,
    0x3B, 0x0F, 0x38, 0x79, 0x83, 0xB4, 0x36, 0x1F, 0x38, 0x64, 0x2D, 0x0B,
    0x43, 0xF3, 0x86, 0x55, 0x47, 0x52, 0x1C, 0xD6, 0xEA, 0xC0, 0xEA, 0xF5,
    0x8A, 0x0D, 0x96, 0x8A, 0xA9, 0x40, 0xCA, 0xBF, 0xC0, 0x94, 0x57, 0xF7,
    0x84, 0x50, 0x3A, 0x8F, 0x0F, 0xFE, 0x6C, 0xD7, 0xC1, 0xFF, 0xC0, 0x6B,
    0x8B, 0x0F, 0xE6, 0x0F, 0xCA, 0x0F, 0xD8, 0x7A, 0x85, 0x87, 0xCE, 0x1F,
    0x90, 0xFE, 0xD0, 0xE6, 0x22, 0x81, 0xCC, 0x1E, 0xC6, 0x43, 0xEC, 0x3C,
    0xC4, 0xE7, 0x05, 0x61, 0xEC, 0x83, 0x21, 0x94, 0x1C, 0xC2, 0x8F, 0x1C,
    0x82, 0x0C, 0xE4, 0x61, 0x49, 0x1D, 0x49, 0x45, 0x14, 0xC7, 0x43, 0x50,
    0x8A, 0x0F, 0x4E, 0xF8, 0x39, 0xBB, 0xD0, 0x64, 0x20, 0x50, 0xB6, 0x31,
    0x0A, 0xB9, 0x0F, 0x20, 0x6B, 0xCC, 0x19, 0x0B, 0x97, 0xD4, 0x02, 0x21,
    0xB0, 0xD8, 0x88, 0x76, 0x0F, 0x83, 0x23, 0x87, 0x77, 0x90, 0xE8, 0x3E,
    0x40, 0xE1, 0xB0, 0xFF, 0xE0, 0xA8, 0xA0, 0x72, 0x80, 0xA0, 0x94, 0x1F,
    0x4A, 0x80, 0xA0, 0xFD, 0x5C, 0x8E, 0x87, 0xF2, 0x83, 0x58, 0x7D, 0x57,
    0x21, 0xFF, 0xC0, 0x86, 0x0E, 0x90, 0xAB, 0x7A, 0xA4, 0x2C, 0x17, 0x5F,
    0xCF, 0x40, 0x75, 0xFD, 0x8C, 0x10, 0x50, 0xB6, 0x31, 0x17, 0xFF, 0x84,
    0x0E, 0xBF, 0xF8, 0x58, 0x7F, 0xF1, 0x50, 0xFF, 0xE0, 0x70, 0x7F, 0xF0,
    0xB1, 0x0F, 0xFE, 0x0C, 0x0C, 0x3C, 0x87, 0x49, 0x87, 0xAA, 0x09, 0x44,
    0x1F, 0x62, 0x14, 0x28, 0x3E, 0x40, 0x98, 0xC1, 0xFC, 0x9E, 0x04, 0x1F,
    0xEC, 0x41, 0x87, 0xFC, 0x85, 0x07, 0xFF, 0x05, 0x24, 0x3F, 0xF8, 0x36,
    0x87, 0xFF, 0x39, 0xEB, 0xFF, 0x86, 0x00, 0x50, 0xF5, 0xD1, 0x0E, 0x60,
    0xFF, 0xE0, 0x74, 0x0F, 0xEA, 0x01, 0x90, 0xE6, 0x20, 0x36, 0x1D, 0xC1,
    0xFF, 0xC0, 0xC3, 0xFF, 0x83, 0x87, 0xFF, 0x2E, 0x88, 0x51, 0x10, 0x2A,
    0xC3, 0xF2, 0xA2, 0x81, 0xF4, 0x65, 0x03, 0xE7, 0x41, 0x87, 0xED, 0x04,
    0x87, 0xE8, 0x3F, 0xF8, 0x94, 0x0D, 0x44, 0x35, 0x87, 0xA2, 0xA6, 0x43,
    0x00, 0x50, 0xB6, 0x11, 0x0F, 0x98, 0x3F, 0xF8, 0x29, 0xA1, 0xFD, 0x04,
    0xA0, 0xA4, 0x35, 0x40, 0x42, 0xA6, 0x1E, 0xA0, 0x12, 0x81, 0xEA, 0x14,
    0x05, 0x0A, 0x07, 0x50, 0xF1, 0x14, 0x09, 0xA8, 0xD9, 0x59, 0x53, 0xD6,
    0xD0, 0xBA, 0xDE, 0xAD, 0xA0, 0x7A, 0xC3, 0x51, 0x2E, 0xCA, 0xC1, 0x51,
    0xC1, 0x94, 0x0E, 0xA1, 0x40, 0x50, 0xA0, 0x7A, 0x80, 0x4A, 0x07, 0xBB,
    0x0F, 0x53, 0x0C, 0xC8, 0x7D, 0x21, 0xF9, 0xE4, 0x3C, 0x50, 0xB6, 0x11,
    0x0F, 0xC8, 0x7F, 0xF0, 0xA1, 0x0F, 0xF9, 0x81, 0x40, 0xFD, 0x28, 0x98,
    0x10, 0x6A, 0x19, 0x47, 0xA7, 0xA4, 0x14, 0x10, 0xA0, 0x38, 0x82, 0x22,
    0x05, 0x42, 0x83, 0x50, 0xA3, 0x74, 0xD0, 0x56, 0x15, 0x95, 0xC0, 0xAC,
    0x2B, 0x2B, 0x83, 0x50, 0xA3, 0x74, 0xD0, 0xB2, 0x20, 0x54, 0x28, 0x2E,
    0x10, 0x90, 0x38, 0x94, 0x41, 0x44, 0x7A, 0x90, 0xB9, 0x27, 0xCE, 0x87,
    0xCE, 0x0E, 0x0F, 0xF9, 0x84, 0x3C, 0x50, 0xB6, 0x31, 0x0F, 0xFE, 0x2B,
    0xE0, 0xFF, 0x7C, 0x60, 0xC3, 0xF6, 0x1A, 0x0B, 0x43, 0xB0, 0xA0, 0x61,
    0x48, 0x58, 0x52, 0x16, 0x14, 0x98, 0x52, 0x1D, 0x85, 0x61, 0x48, 0x7D,
    0x87, 0xA4, 0x3F, 0xB0, 0xCA, 0x0F, 0xF6, 0x19, 0x41, 0xFD, 0x87, 0xA4,
    0x3E, 0xC2, 0xB0, 0xA4, 0x3B, 0x0A, 0x4C, 0x29, 0x0B, 0x0A, 0x42, 0xC2,
    0x92, 0x0A, 0x43, 0xB0, 0xA3, 0x04, 0x87, 0xD8, 0x67, 0xC8, 0x7F, 0x7C,
    0x00, 0x51, 0x75, 0x51, 0x0A, 0xF4, 0x84, 0xE8, 0x1A, 0x02, 0x05, 0xA2,
    0xC0, 0xD2, 0x06, 0xD8, 0x64, 0x44, 0x39, 0x10, 0xF4, 0x08, 0x3A, 0x48,
    0x39, 0x44, 0x87, 0x44, 0x87, 0xE4, 0x3E, 0xF0, 0x7F, 0xF1, 0xBC, 0x1F,
    0x60, 0x83, 0xC8, 0x7F, 0x4A, 0x82, 0x50, 0xB6, 0x31, 0x17, 0xFF, 0x84,
    0x0E, 0xBF, 0xF8, 0x58, 0x7F, 0xF1, 0x50, 0xFF, 0xF8, 0xE8, 0x7F, 0xF1,
    0x24, 0x3E, 0xFF, 0x81, 0x21, 0xE5, 0xF8, 0x24, 0x3D, 0x5F, 0x03, 0x0F,
    0xFE, 0x13, 0x87, 0xFF, 0x0E, 0x0F, 0xFF, 0x6A, 0x1F, 0xFC, 0x25, 0x00,
    0x50, 0x76, 0x51, 0x02, 0xFF, 0xF0, 0x82, 0xEB, 0xFF, 0x85, 0x87, 0xFF,
    0xFC, 0x27, 0x0F, 0xFE, 0x1B, 0x07, 0xFF, 0x0D, 0x81, 0xFF, 0x07, 0xC8,
    0x4B, 0xF0, 0x7E, 0xD2, 0xBE, 0x0F, 0xE9, 0x0F, 0xFE, 0x2C, 0x1F, 0xFF,
    0x64, 0x3F, 0xF8, 0x48, 0x50, 0xB6, 0x31, 0x17, 0xFF, 0x86, 0x75, 0xFF,
    0xC3, 0x0F, 0xFE, 0x2A, 0x1F, 0x30, 0x7F, 0xF0, 0x99, 0x83, 0xFF, 0x83,
    0x01, 0x41, 0xFF, 0x48, 0x1C, 0x3F, 0xEA, 0x02, 0x81, 0xFF, 0xFF, 0x0F,
    0xFE, 0x5A, 0x1F, 0xFC, 0x4B, 0x0F, 0xFE, 0x63, 0x07, 0xFF, 0x09, 0x00,
    0x50, 0xB6, 0x31, 0x7F, 0xFF, 0x85, 0x10, 0x7F, 0xF0, 0x90, 0xFF, 0xE2,
    0xA1, 0xF5, 0x87, 0xFF, 0x0D, 0x0F, 0xFF, 0xF8, 0x7F, 0xF3, 0x28, 0x0A,
    0x07, 0xFD, 0x20, 0x70, 0xFF, 0xE0, 0x60, 0x50, 0x7F, 0xF0, 0x66, 0x0F,
    0xFE, 0x13, 0x07, 0xFF, 0x31, 0xEB, 0xFF, 0x86, 0x00, 0x00, 0x00, 0x00,
    0x50, 0xB6, 0x31, 0x6B, 0xFF, 0x86, 0x4B, 0xFF, 0xC4, 0x0F, 0xFF, 0x55,
    0xE8, 0x16, 0x0D, 0x0D, 0xB4, 0x60, 0xD0, 0x84, 0x92, 0xE0, 0xA7, 0x0F,
    0x20, 0xC3, 0x21, 0xFF, 0x61, 0xA1, 0x0C, 0x90, 0xB0, 0x4A, 0x83, 0xB7,
    0x98, 0x34, 0x41, 0xDF, 0x40, 0xB0, 0x70, 0x7F, 0xFA, 0x65, 0xFF, 0xE2,
    0x00, 0x50, 0xB6, 0x31, 0x6B, 0xFF, 0x84, 0x92, 0xFF, 0xF0, 0xA0, 0xFF,
    0xE2, 0xA1, 0xFF, 0xD8, 0xF8, 0x7C, 0x8F, 0xA0, 0xA3, 0x89, 0xA1, 0x1E,
    0x0F, 0x28, 0x91, 0x09, 0x0A, 0x34, 0x3D, 0x9A, 0x1B, 0x60, 0xFB, 0x60,
    0x93, 0x11, 0x02, 0x83, 0xDE, 0xA1, 0x4E, 0x2D, 0x82, 0xBC, 0x8F, 0x93,
    0xE4, 0x3F, 0xFD, 0x0F, 0x2F, 0xFF, 0x06, 0x00, 0x50, 0xB6, 0x11, 0x0F,
    0xFE, 0x4B, 0xFE, 0x43, 0xCF, 0x07, 0xAC, 0x33, 0x02, 0xFE, 0x4C, 0x28,
    0x76, 0xF9, 0xB2, 0x20, 0x46, 0x85, 0x67, 0x84, 0xC8, 0x1E, 0x81, 0x8A,
    0x0C, 0x98, 0x1C, 0x08, 0x7C, 0x96, 0x91, 0x87, 0xC9, 0x10, 0x88, 0x87,
    0x90, 0xC8, 0x7A, 0x22, 0xC4, 0xC4, 0x10, 0xB6, 0xAA, 0x09, 0x81, 0x45,
    0x0A, 0x2B, 0x14, 0x14, 0x8F, 0xE8, 0x10, 0x75, 0x03, 0xD6, 0x1F, 0x3E,
    0xA7, 0x90, 0xC0, 0x50, 0xB6, 0x31, 0x6B, 0xFF, 0x84, 0x9D, 0x7F, 0xF0,
    0xB0, 0xFF, 0x94, 0x1F, 0xFC, 0x2E, 0xA0, 0xFF, 0xE0, 0x51, 0x28, 0x1F,
    0xEA, 0x1A, 0xA8, 0x1F, 0xA0, 0x51, 0x2D, 0x0E, 0x78, 0xA6, 0xA2, 0x42,
    0x66, 0x56, 0x20, 0xE0, 0x2B, 0x8B, 0x81, 0xAB, 0xC8, 0x37, 0xA0, 0x6D,
    0x54, 0x46, 0xE7, 0x3C, 0x50, 0x3F, 0x3D, 0x83, 0xC1, 0xFF, 0x5D, 0x41,
    0xFF, 0x3C, 0x1F, 0xFC, 0x2D, 0x0F, 0xFB, 0xA8, 0xAF, 0xF6, 0x00, 0x50,
    0xB6, 0x31, 0x19, 0x0F, 0xFE, 0x0A, 0x42, 0x1A, 0x0F, 0xB6, 0x02, 0x70,
    0x7F, 0xDF, 0x31, 0x40, 0xF5, 0x3A, 0x13, 0x87, 0xF4, 0xD0, 0x46, 0xA0,
    0xFF, 0x54, 0x68, 0x7E, 0x8A, 0x14, 0x79, 0x0F, 0x56, 0x55, 0x6C, 0x3F,
    0x50, 0x15, 0x1A, 0x1F, 0xA3, 0xA6, 0x0C, 0x3F, 0x9A, 0x66, 0x48, 0x7F,
    0xA3, 0x51, 0x87, 0xFC, 0xD1, 0x24, 0x3F, 0xF8, 0x11, 0x18, 0x7F, 0xF0,
    0x5A, 0x21, 0xFF, 0xC3, 0xA2, 0x50, 0x76, 0x51, 0x17, 0xFF, 0x88, 0x35,
    0x7F, 0x57, 0xF0, 0x72, 0xC1, 0xFF, 0x78, 0x0A, 0x83, 0xE8, 0x3F, 0xB6,
    0x0E, 0x43, 0xE7, 0x6C, 0x2A, 0x61, 0xF2, 0x1F, 0x50, 0x3F, 0x20, 0x90,
    0x50, 0x08, 0x6B, 0x45, 0x45, 0xEA, 0x81, 0x4F, 0x1A, 0xB6, 0x06, 0x19,
    0x70, 0x13, 0x85, 0x07, 0x2E, 0x06, 0x81, 0x61, 0x41, 0xFA, 0x75, 0xF0,
    0x7E, 0xC0, 0xC1, 0xA8, 0x05, 0xE8, 0x3F, 0xFA, 0x28, 0x7F, 0xF1, 0x30,
    0x50, 0xB6, 0x31, 0x6B, 0xFF, 0x84, 0x93, 0x46, 0xD9, 0xE6, 0xE1, 0x21,
    0x60, 0x99, 0x21, 0x35, 0x50, 0x39, 0xA1, 0x09, 0xC2, 0x22, 0x23, 0x85,
    0x93, 0xA1, 0x35, 0x10, 0xDB, 0xA6, 0x63, 0xBA, 0x06, 0xA4, 0x45, 0x6D,
    0xE0, 0xBC, 0xBE, 0x2A, 0x0D, 0x4C, 0x10, 0x91, 0xD0, 0x0C, 0x5F, 0x22,
    0x45, 0x42, 0xC7, 0xC1, 0xB4, 0x08, 0xC8, 0x1A, 0x14, 0x0C, 0x87, 0x39,
    0x74, 0x43, 0xFD, 0xC7, 0x61, 0xFF, 0x31, 0x88, 0x64, 0x9A, 0xF2, 0x57,
    0x08, 0x50, 0xB6, 0x31, 0x6B, 0xFF, 0x84, 0x94, 0xD8, 0x1B, 0x38, 0xD8,
    0x34, 0xB5, 0x04, 0xAC, 0x58, 0xA2, 0x82, 0x5C, 0x61, 0x68, 0xB8, 0xF5,
    0x36, 0x15, 0xDD, 0x8A, 0x28, 0xD0, 0x14, 0xE8, 0x64, 0x67, 0x80, 0xFD,
    0x65, 0x1F, 0x15, 0x0F, 0xA3, 0x42, 0xBD, 0x70, 0xFE, 0x43, 0xEF, 0x23,
    0x60, 0xAF, 0x19, 0xA3, 0x74, 0xFF, 0xAE, 0x81, 0x20, 0x5F, 0x83, 0xF4,
    0x94, 0xF0, 0x48, 0x7A, 0x4A, 0x78, 0x3F, 0xF9, 0x9D, 0x7F, 0xF0, 0xB4,
    0x50, 0x76, 0x50, 0x0C, 0xBC, 0x1F, 0xFC, 0x25, 0x83, 0xFC, 0xA8, 0x0A,
    0xA0, 0x7F, 0x9C, 0x32, 0x21, 0xFF, 0xC1, 0x41, 0x60, 0x5C, 0x1F, 0x22,
    0x1C, 0xA0, 0xFC, 0xEC, 0x90, 0x66, 0x0F, 0x68, 0xAD, 0x93, 0x05, 0xDE,
    0x02, 0x05, 0x59, 0x81, 0x70, 0x48, 0x48, 0x86, 0x5C, 0x12, 0x1D, 0x21,
    0xFF, 0xC4, 0xB8, 0x3E, 0xD6, 0x0F, 0xFE, 0x12, 0x1F, 0xFC, 0x05, 0xC1,
    0xFF, 0xC1, 0x6B, 0xF9, 0x0A, 0xB0, 0x50, 0x76, 0x51, 0x0F, 0xFE, 0x12,
    0xA4, 0x3F, 0xF8, 0x14, 0x19, 0x0F, 0xF5, 0x64, 0x3F, 0xE6, 0xA0, 0x54,
    0x87, 0xCF, 0x0C, 0xD4, 0x87, 0x9E, 0x22, 0x4A, 0x21, 0xEE, 0x2D, 0x53,
    0x44, 0x3A, 0x85, 0xB7, 0x22, 0x83, 0xF9, 0x5C, 0x50, 0x42, 0x62, 0xE3,
    0x55, 0x48, 0x4F, 0x5F, 0x1C, 0x1E, 0xE0, 0x97, 0x50, 0x3F, 0xF8, 0x17,
    0x83, 0xFA, 0x0E, 0xC0, 0xB0, 0x75, 0x41, 0x90, 0xB1, 0x0F, 0xFE, 0x23,
    0x86, 0xAF, 0xFE, 0x10, 0x60, 0x50, 0xB6, 0x31, 0x6B, 0xFF, 0x86, 0x75,
    0xFF, 0xC2, 0xD0, 0xF9, 0x10, 0x28, 0x3F, 0x9A, 0x80, 0xA0, 0xF4, 0x22,
    0xD0, 0x7F, 0x50, 0x54, 0x58, 0x7E, 0xB2, 0x35, 0x4A, 0x0D, 0x51, 0x6C,
    0xF9, 0x2C, 0x16, 0xF0, 0xCE, 0x5D, 0x81, 0xBC, 0x06, 0x4F, 0x10, 0x1D,
    0x3E, 0x5B, 0xE3, 0x86, 0x2F, 0x5B, 0xC4, 0x30, 0xAD, 0x05, 0xF3, 0xBB,
    0x81, 0x71, 0x88, 0x4B, 0x60, 0xFD, 0x41, 0x29, 0xEA, 0x0F, 0xF8, 0x8F,
    0xD4, 0x3A, 0xF3, 0xB5, 0xDA, 0x50, 0x76, 0x51, 0x0F, 0x9A, 0x90, 0xFF,
    0xA8, 0x54, 0xA8, 0x3E, 0x6A, 0x43, 0x34, 0x0E, 0x78, 0x3C, 0xD3, 0x0E,
    0xE0, 0x53, 0x46, 0x10, 0xD4, 0x0A, 0x8D, 0x82, 0x81, 0xF9, 0x52, 0xB9,
    0x0E, 0x70, 0x3E, 0x48, 0x8B, 0x0C, 0x81, 0xA6, 0x20, 0x64, 0x2C, 0x3F,
    0x61, 0xFF, 0x3F, 0x85, 0x07, 0xD8, 0x20, 0xF4, 0x1F, 0x2C, 0x1F, 0xB4,
    0x3D, 0xE0, 0xFE, 0xA0, 0x79, 0x0F, 0xF3, 0xC1, 0x4D, 0xE9, 0x0F, 0x9D,
    0x04, 0x81, 0xBD, 0x20, 0x6D, 0x50, 0xB6, 0x11, 0x0F, 0x41, 0x28, 0x3F,
    0xDC, 0x42, 0x1F, 0x98, 0x8C, 0xE0, 0xFB, 0xE4, 0x1E, 0x10, 0xC9, 0x36,
    0x71, 0x21, 0xB2, 0xA0, 0x75, 0x2C, 0x0A, 0xDC, 0x0A, 0x85, 0x05, 0x02,
    0x8F, 0x01, 0x0E, 0x8C, 0x8D, 0x42, 0x83, 0x50, 0x1D, 0x0C, 0x50, 0x65,
    0x44, 0xCF, 0x83, 0xDE, 0x15, 0x35, 0x21, 0xA8, 0xD0, 0x32, 0x61, 0x38,
    0xE1, 0xD3, 0x40, 0x48, 0x7F, 0xDA, 0x74, 0x43, 0xE6, 0xD0, 0x50, 0x6B,
    0x95, 0x40, 0x50, 0xB6, 0x31, 0x0F, 0x34, 0x43, 0xFE, 0xAB, 0x3A, 0x07,
    0xCD, 0x0D, 0x23, 0x50, 0x77, 0x50, 0x6B, 0x44, 0x2C, 0x9A, 0x9A, 0x1E,
    0x80, 0xD0, 0xEA, 0x6B, 0xB4, 0xD0, 0xFF, 0x28, 0xC3, 0xFF, 0x85, 0x84,
    0xD1, 0xAC, 0xD6, 0x64, 0x68, 0xD6, 0x6B, 0x32, 0x1F, 0xFC, 0x2C, 0x2D,
    0x0F, 0xF2, 0x8C, 0x68, 0x75, 0x35, 0xDA, 0x08, 0x9A, 0x9A, 0x7D, 0x04,
    0xF5, 0x06, 0x44, 0x43, 0x36, 0x69, 0x78, 0x43, 0xEE, 0x70, 0x72, 0x18,
    0x50, 0x76, 0x51, 0x0F, 0xFE, 0x02, 0x1F, 0xFC, 0x57, 0x43, 0xFF, 0x88,
    0x90, 0x7F, 0xF1, 0x1D, 0x0F, 0xFE, 0x23, 0x87, 0xFF, 0x17, 0x0F, 0xFE,
    0x2A, 0x83, 0xFF, 0x8B, 0x87, 0xFF, 0x01, 0xC3, 0xFF, 0x89, 0xA1, 0x61,
    0xFF, 0x50, 0x29, 0x24, 0x3C, 0xD0, 0x3F, 0x75, 0xE2, 0x0C, 0xC0, 0x8A,
    0xF2, 0x19, 0x0E, 0xA2, 0x1F, 0x9D, 0x0E, 0xB9, 0x0C, 0xC4, 0x1F, 0x50,
    0xA9, 0x52, 0x18, 0x51, 0xB5, 0x11, 0x0A, 0x81, 0xD5, 0x83, 0x30, 0x73,
    0x40, 0xF5, 0x03, 0xD4, 0x0F, 0x50, 0x3D, 0x08, 0x79, 0x0F, 0xFE, 0x0E,
    0x83, 0x41, 0xA4, 0xE4, 0xC0, 0xA8, 0x3F, 0x6C, 0x09, 0xDC, 0xF3, 0xA4,
    0x50, 0x80, 0x50, 0x7A, 0x6F, 0x0F, 0xD0, 0x7F, 0xF0, 0x64, 0x0E, 0x87,
    0xFF, 0x0A, 0x37, 0x16, 0x0F, 0xE7, 0xC2, 0x42, 0xA0, 0xFB, 0xBD, 0x2A,
    0x41, 0x40, 0x9A, 0x64, 0x30, 0x7A, 0x41, 0xE8, 0x84, 0xB8, 0x3B, 0x04,
    0x40, 0x74, 0x18, 0x79, 0x03, 0x31, 0x04, 0x87, 0x58, 0x54, 0x50, 0x7F,
    0xDA, 0x3A, 0xC1, 0xFF, 0x69, 0xEB, 0xAB, 0xAF, 0x98, 0x15, 0x2A, 0x33,
    0x2B, 0x21, 0xF9, 0xCB, 0x0F, 0xFE, 0x0F, 0x90, 0x50, 0x3E, 0x50, 0xF5,
    0xD1, 0x0F, 0x41, 0xFE, 0xC8, 0x3F, 0xE7, 0x55, 0x10, 0xF2, 0xAF, 0x21,
    0xF6, 0x28, 0x0A, 0xC3, 0xBC, 0x15, 0xEA, 0x21, 0xEB, 0xC8, 0x2C, 0x25,
    0xBE, 0x42, 0xC2, 0x61, 0x24, 0x34, 0x08, 0xC3, 0xE6, 0x80, 0x43, 0xFF,
    0x83, 0x5F, 0xFC, 0x02, 0xBF, 0xF8, 0x01, 0x98, 0x3A, 0x0F, 0x40, 0x62,
    0x43, 0xDC, 0x40, 0xE0, 0xFE, 0x61, 0x41, 0x00, 0x50, 0x76, 0x51, 0x0F,
    0xE6, 0x88, 0x7F, 0xF0, 0x62, 0x8C, 0x87, 0xFA, 0x88, 0x56, 0x1F, 0x99,
    0x0F, 0x50, 0x3D, 0x17, 0x07, 0xFF, 0x01, 0xD0, 0x68, 0x7F, 0xAD, 0x09,
    0x41, 0xDC, 0x0A, 0x83, 0xFE, 0x68, 0x1F, 0xFC, 0x7E, 0xBF, 0xF8, 0x83,
    0x5F, 0xFC, 0x30, 0xCC, 0x1B, 0x0C, 0xC1, 0xD0, 0x68, 0x3A, 0x0F, 0x30,
    0x5C, 0x19, 0x83, 0xA0, 0x42, 0x88, 0x10, 0x7E, 0x50, 0x4B, 0x07, 0xF9,
    0x41, 0x2C, 0x1C, 0x50, 0x76, 0x51, 0x0F, 0xE6, 0x88, 0x7F, 0xF0, 0x62,
    0x8C, 0x87, 0xFA, 0x88, 0x56, 0x1F, 0x98, 0x3E, 0xA0, 0x7A, 0x6E, 0x0F,
    0xFE, 0x03, 0x81, 0xD0, 0xFF, 0x5A, 0x12, 0x83, 0xB8, 0x15, 0x07, 0xFC,
    0xD0, 0x3F, 0xF8, 0xFD, 0x7F, 0xF1, 0x06, 0xBF, 0xF8, 0x61, 0xA4, 0x26,
    0x0C, 0xC1, 0x95, 0x85, 0xA8, 0x2D, 0x41, 0x3C, 0x15, 0x10, 0xB9, 0x0F,
    0xA4, 0x41, 0xAC, 0x1F, 0x2B, 0x0E, 0xC3, 0xF9, 0xB0, 0xDC, 0x18, 0x50,
    0xB6, 0x30, 0x0F, 0xD5, 0x90, 0xFF, 0xAB, 0x84, 0x3F, 0xB8, 0x33, 0x87,
    0xD4, 0x50, 0x75, 0x03, 0xAB, 0x08, 0x7F, 0xAC, 0x24, 0x3C, 0xA2, 0xA4,
    0x32, 0x1D, 0x89, 0x07, 0xFF, 0x05, 0xC3, 0xFF, 0x86, 0xF5, 0xF7, 0x75,
    0xC2, 0x57, 0x1C, 0x0E, 0xA4, 0x3F, 0xDE, 0x0F, 0xFE, 0x0D, 0x9A, 0x1F,
    0xF5, 0x1A, 0x07, 0xFF, 0x09, 0x83, 0xFF, 0x87, 0x87, 0xE0, 0x50, 0xB6,
    0x11, 0x02, 0xC1, 0xFF, 0xC1, 0x5D, 0x5E, 0x43, 0x9B, 0xD4, 0xCE, 0xE0,
    0x9C, 0xA1, 0x17, 0x4D, 0x07, 0x18, 0x24, 0x3B, 0x06, 0xDD, 0x77, 0x1C,
    0x07, 0x1A, 0xE4, 0x90, 0xDA, 0x19, 0x53, 0xC2, 0x87, 0x82, 0x54, 0xE8,
    0x18, 0x86, 0xA4, 0x40, 0xA2, 0x4B, 0x28, 0x28, 0x08, 0x48, 0x2B, 0x78,
    0x3F, 0xF8, 0x14, 0x20, 0xFF, 0xE2, 0x50, 0x3F, 0xE7, 0x0F, 0xFE, 0x0B,
    0x78, 0x3F, 0xCD, 0xA2, 0x41, 0x00, 0x50, 0xB6, 0x31, 0x17, 0xFF, 0x84,
    0x08, 0x36, 0x1F, 0xD0, 0x17, 0x5F, 0xFC, 0x21, 0xC8, 0x6A, 0xE0, 0xF4,
    0x56, 0x0E, 0xC4, 0x14, 0x43, 0xFF, 0x81, 0x4C, 0x3F, 0xF8, 0x2D, 0xEA,
    0xE0, 0xFF, 0x35, 0xF2, 0x1F, 0xFC, 0x3B, 0xA9, 0x0F, 0xFE, 0x05, 0x67,
    0x0F, 0xFE, 0x0B, 0x44, 0x3F, 0xEA, 0x35, 0x07, 0xE6, 0xB0, 0x7F, 0xA8,
    0x50, 0x3F, 0xEA, 0x90, 0xFE, 0xEA, 0x2B, 0xFD, 0xA0, 0x50, 0x36, 0x91,
    0x0F, 0x28, 0x3F, 0xF8, 0x35, 0xC0, 0x83, 0xFF, 0x83, 0x51, 0xF2, 0x1F,
    0xFC, 0x4F, 0x83, 0xFF, 0x88, 0xF8, 0x43, 0xFF, 0x85, 0x74, 0x0F, 0xA6,
    0x81, 0xA8, 0x1F, 0xD7, 0xE4, 0x39, 0x55, 0x04, 0x83, 0xCE, 0x1C, 0x98,
    0x12, 0xC3, 0xFF, 0x80, 0xAB, 0xC6, 0xFA, 0xE8, 0x16, 0x1C, 0xE2, 0x89,
    0xE0, 0xA4, 0x37, 0x21, 0x74, 0x0C, 0xC1, 0xC8, 0x77, 0x4C, 0x24, 0x3C,
    0x86, 0x8A, 0x21, 0xD5, 0xC4, 0x19, 0x83, 0x9A, 0xF2, 0x1F, 0xFC, 0x0A,
    0x07, 0xFF, 0x14, 0x50, 0xB6, 0x11, 0x0F, 0xD0, 0x7F, 0xF0, 0xAA, 0x0F,
    0xFE, 0x05, 0x0D, 0x0F, 0xF3, 0x81, 0x10, 0xFD, 0x08, 0xB0, 0x87, 0xF2,
    0x22, 0x61, 0xF7, 0x98, 0xCF, 0x07, 0xA2, 0x2A, 0x2E, 0x0D, 0x45, 0x02,
    0x12, 0xA0, 0xBA, 0x70, 0x1A, 0xD8, 0x49, 0x5C, 0x53, 0xC8, 0x1A, 0x05,
    0x44, 0x09, 0x02, 0x81, 0x21, 0xE6, 0x85, 0x48, 0x81, 0x05, 0x61, 0xA7,
    0x37, 0xA9, 0xD0, 0x3A, 0x88, 0x3A, 0x21, 0xFE, 0xD0, 0xF8, 0x50, 0xF5,
    0xF1, 0x0E, 0x6A, 0x43, 0xFA, 0x2A, 0x20, 0xFA, 0x88, 0x4D, 0x03, 0x30,
    0x7E, 0xA0, 0x1E, 0x0F, 0xEA, 0x1C, 0x41, 0xFD, 0x21, 0xFF, 0x40, 0xC3,
    0x21, 0xD4, 0x13, 0x82, 0xE9, 0xF2, 0xA1, 0x5E, 0x94, 0x25, 0x44, 0x41,
    0xBC, 0x1D, 0x81, 0x80, 0xC9, 0x3E, 0x0C, 0xFC, 0x0B, 0x83, 0xFF, 0x81,
    0x40, 0xFF, 0xEE, 0xF6, 0x1E, 0x50, 0xB6, 0x11, 0x0F, 0xF3, 0x21, 0xFF,
    0xC0, 0xE5, 0x07, 0xF9, 0x80, 0x87, 0xFF, 0x01, 0x28, 0x1F, 0x5E, 0x85,
    0x5C, 0x1D, 0xA0, 0x65, 0x01, 0xD0, 0x41, 0xFF, 0xC0, 0x80, 0x87, 0xFF,
    0x05, 0x41, 0xFF, 0xC2, 0xC3, 0xFF, 0x86, 0x87, 0xFF, 0x0D, 0x41, 0xFF,
    0xD2, 0x88, 0x3F, 0xF8, 0x6A, 0x0F, 0xFB, 0x0A, 0x43, 0xFB, 0x0E, 0xA2,
    0xAE, 0x6C, 0x20, 0x50, 0x76, 0x71, 0x0F, 0xFE, 0x63, 0x46, 0x81, 0xFF,
    0xC0, 0xBA, 0x35, 0x07, 0xF9, 0xE0, 0xEA, 0x07, 0xF6, 0x87, 0x25, 0xC1,
    0xEE, 0x0F, 0x22, 0xA8, 0x85, 0x21, 0xF2, 0x25, 0x08, 0xA0, 0x87, 0x90,
    0x2B, 0x43, 0x34, 0x0F, 0x3B, 0x46, 0x81, 0x9F, 0xF4, 0x17, 0x83, 0xA2,
    0xCD, 0x06, 0x4E, 0x1B, 0xBE, 0x2C, 0x84, 0x5A, 0xA3, 0x84, 0x0A, 0xB2,
    0x86, 0x0A, 0x34, 0xD2, 0x1B, 0x55, 0x02, 0xA6, 0x95, 0xC5, 0xE8, 0x3B,
    0xAB, 0xFA, 0x28, 0x1F, 0x3F, 0x55, 0xE9, 0x0C, 0x50, 0x76, 0x51, 0x0F,
    0xFE, 0x0A, 0xC1, 0xEA, 0x75, 0xC8, 0x10, 0xF7, 0x9E, 0xB2, 0xC1, 0xFB,
    0x3A, 0xF9, 0x0F, 0x39, 0x5F, 0x68, 0x7A, 0x43, 0xD7, 0x21, 0xCA, 0x9A,
    0xBC, 0x83, 0x0A, 0x83, 0x4E, 0x98, 0x66, 0x1A, 0x03, 0xA7, 0xC1, 0xCC,
    0x7A, 0x65, 0x0D, 0x34, 0x3A, 0x8A, 0x84, 0xEA, 0x55, 0x37, 0x69, 0xD4,
    0x5D, 0xCE, 0x97, 0x28, 0x5C, 0x2A, 0xF0, 0x50, 0x4D, 0x70, 0x52, 0x13,
    0x78, 0xAD, 0xF4, 0x87, 0xA2, 0xFD, 0x70, 0x7F, 0x51, 0x74, 0x87, 0x00,
    0x50, 0xB6, 0x31, 0x0F, 0x97, 0x07, 0xFA, 0xF5, 0x6E, 0x0F, 0x5A, 0x1F,
    0x3C, 0x16, 0x87, 0xFC, 0xA2, 0x9E, 0x90, 0xFE, 0x80, 0x81, 0xB0, 0xFF,
    0xE2, 0xE8, 0x7E, 0xA0, 0x7A, 0x0F, 0xFE, 0x2C, 0x1D, 0x87, 0xFB, 0x0F,
    0xFE, 0x1C, 0x87, 0xFF, 0x0D, 0x0F, 0xFE, 0x77, 0x07, 0xF9, 0xC2, 0x68,
    0x87, 0xD4, 0x0F, 0x44, 0x84, 0xE8, 0x7E, 0x62, 0x28, 0x1E, 0x50, 0xB6,
    0x31, 0x0F, 0x94, 0x1F, 0xFC, 0x0A, 0x20, 0xF4, 0x1F, 0xB4, 0x58, 0x14,
    0x43, 0xA8, 0x1D, 0xE2, 0xE0, 0x95, 0xE8, 0xB9, 0x09, 0x40, 0xF4, 0x14,
    0x28, 0x36, 0x50, 0x1C, 0x0D, 0x22, 0xF2, 0x19, 0xC2, 0x82, 0xE7, 0x03,
    0x44, 0x60, 0x45, 0x87, 0x45, 0x18, 0x08, 0xB0, 0x14, 0x05, 0x81, 0xC1,
    0x7D, 0x20, 0xD0, 0x90, 0x97, 0xA8, 0x09, 0x45, 0x8D, 0x01, 0x2B, 0x0D,
    0x2A, 0xA4, 0x2A, 0x1E, 0xB6, 0x8C, 0x87, 0x3A, 0x28, 0xBC, 0x87, 0xEB,
    0xF2, 0x1E, 0x50, 0xB6, 0x31, 0x0E, 0x43, 0xFF, 0x87, 0x4C, 0x3F, 0xF8,
    0x32, 0x0C, 0x3F, 0xE9, 0x50, 0x30, 0xFE, 0x91, 0x82, 0xD0, 0xF4, 0x90,
    0x18, 0x1C, 0x1F, 0x30, 0x18, 0xA6, 0x1D, 0x28, 0x50, 0x24, 0xF0, 0x74,
    0x81, 0x35, 0x53, 0x83, 0xA5, 0x08, 0x38, 0x14, 0x0E, 0x9A, 0x30, 0x75,
    0x03, 0xA9, 0x94, 0x0F, 0xFE, 0x06, 0x87, 0xD4, 0x0F, 0xAD, 0x0D, 0x40,
    0xFE, 0xB4, 0x14, 0x0F, 0xFA, 0xDA, 0x07, 0xFF, 0x06, 0x20, 0xE0, 0x51,
    0x35, 0xB1, 0x0F, 0xF4, 0x1F, 0xF5, 0x41, 0xFF, 0xC4, 0x6B, 0xDD, 0x01,
    0xDD, 0x33, 0x90, 0xCB, 0xBD, 0x07, 0xEA, 0x30, 0x49, 0x08, 0x7E, 0x84,
    0x43, 0xFF, 0x9A, 0x87, 0xFA, 0x56, 0x1C, 0xA8, 0x4F, 0xFC, 0x21, 0x5F,
    0xE9, 0x0A, 0x6B, 0xCE, 0x1E, 0x5C, 0x1F, 0x45, 0xE8, 0x82, 0x50, 0x7A,
    0x4F, 0x6B, 0xFF, 0x88, 0x97, 0xF5, 0x9D, 0xFA, 0x0B, 0xF4, 0x98, 0x8E,
    0x16, 0x75, 0x21, 0x60, 0x4C, 0xC1, 0x87, 0x78, 0x2C, 0x3F, 0x60, 0x4C,
    0x3F, 0xF8, 0x10, 0x5F, 0x03, 0xE0, 0xF2, 0x04, 0x37, 0xE0, 0xC8, 0x7B,
    0x43, 0x21, 0xDF, 0x05, 0xC1, 0x90, 0xA5, 0xC7, 0x81, 0x86, 0x81, 0x5F,
    0xFC, 0x40, 0xFF, 0xE3, 0xE1, 0xFF, 0xC4, 0xDA, 0xFF, 0xE2, 0x20, 0x50,
    0x36, 0x91, 0x0F, 0xFE, 0x02, 0x1F, 0xFC, 0x68, 0x43, 0xFF, 0x87, 0x53,
    0x87, 0xFF, 0x0A, 0xA6, 0x81, 0xFF, 0xC0, 0x5D, 0xDA, 0x1F, 0xE6, 0x1A,
    0x79, 0x28, 0x1D, 0x53, 0x77, 0x2A, 0xF5, 0x61, 0xA9, 0x54, 0xC2, 0xA3,
    0x5D, 0x85, 0x9D, 0x77, 0xA8, 0x85, 0x44, 0xE3, 0x88, 0x87, 0x55, 0x96,
    0x3B, 0x42, 0x22, 0xCE, 0x41, 0x40, 0x5F, 0xF2, 0x38, 0x7F, 0xF1, 0xB4,
    0x3F, 0xF9, 0xB4, 0x0F, 0xF3, 0x87, 0xDC, 0x87, 0x98, 0x43, 0xE6, 0x1A,
    0xC9, 0x21, 0x80, 0x50, 0xF5, 0xD1, 0x0C, 0xD4, 0x87, 0xCF, 0x2D, 0x61,
    0xE8, 0x0F, 0x81, 0x86, 0xC2, 0x81, 0x82, 0x02, 0x14, 0x49, 0x08, 0x30,
    0x98, 0x84, 0x08, 0x6C, 0x08, 0x7D, 0x86, 0xD8, 0x3C, 0x86, 0x64, 0x40,
    0x81, 0x20, 0xE8, 0x42, 0x87, 0xF8, 0x10, 0x6D, 0x0F, 0xFE, 0x0D, 0xD5,
    0xC4, 0x1F, 0x2C, 0x2E, 0x0F, 0xFA, 0x30, 0xFF, 0xE0, 0x4C, 0x1F, 0xF3,
    0x40, 0x51, 0xB5, 0x31, 0x0F, 0xFE, 0x1B, 0x0B, 0x05, 0x06, 0xC3, 0xD8,
    0x7F, 0xB0, 0x21, 0xA8, 0x1E, 0xC3, 0xF2, 0x60, 0x44, 0x08, 0x68, 0x3F,
    0x21, 0x28, 0x24, 0x3F, 0xF8, 0x38, 0x7F, 0xF0, 0x30, 0xC8, 0x48, 0x64,
    0x24, 0x00, 0x51, 0x75, 0x51, 0x0F, 0x21, 0xFD, 0xC1, 0xE6, 0x98, 0x74,
    0xCE, 0x19, 0xD8, 0x83, 0x7A, 0x34, 0x2B, 0xD5, 0x13, 0x44, 0xE8, 0xD9,
    0xE9, 0x6F, 0x03, 0x97, 0x58, 0x4D, 0x64, 0x19, 0x07, 0xF6, 0x1F, 0x96,
    0x0E, 0xDC, 0x43, 0x49, 0x4E, 0xAE, 0x0A, 0x80, 0xF0, 0x00, 0x50, 0x36,
    0x91, 0x0F, 0xFE, 0xD6, 0x05, 0x83, 0xFF, 0x82, 0x86, 0xC3, 0x9A, 0x90,
    0xD8, 0x59, 0x85, 0x15, 0x10, 0x48, 0x58, 0x6A, 0x22, 0x34, 0x0F, 0x48,
    0x28, 0x49, 0x03, 0x43, 0xFE, 0xA2, 0xA0, 0x38, 0x76, 0x46, 0x1F, 0xF2,
    0x1F, 0xFC, 0x78, 0x3E, 0xCC, 0x3F, 0xF8, 0x28, 0x72, 0x1E, 0x70, 0xFE,
    0xA0, 0x7D, 0xA1, 0xD8, 0x6A, 0x21, 0x54, 0x19, 0x0F, 0xA2, 0xB8, 0x24,
    0x3F, 0xCD, 0x41, 0xFF, 0xD0, 0x50, 0xB6, 0x31, 0x0F, 0x50, 0x24, 0x3E,
    0xBE, 0x86, 0xEE, 0x0E, 0x40, 0xC4, 0x84, 0xA0, 0xE5, 0x1D, 0x82, 0x04,
    0x12, 0xAA, 0x67, 0x54, 0x04, 0x1C, 0x1A, 0x1D, 0x40, 0xC7, 0x07, 0x91,
    0xDC, 0x42, 0xD0, 0x2C, 0x0D, 0x06, 0x21, 0xD4, 0x09, 0xF0, 0x7E, 0x5E,
    0x09, 0x61, 0x0A, 0x0D, 0xC1, 0xA5, 0x01, 0x0D, 0xC1, 0xB3, 0x42, 0xD6,
    0x0F, 0x99, 0x03, 0x85, 0xA1, 0x92, 0x0D, 0x5B, 0xD0, 0x27, 0x72, 0x8D,
    0x70, 0xAE, 0x0E, 0x86, 0xB8, 0xD0, 0xE0, 0x51, 0x75, 0x71, 0x09, 0xA2,
    0x1D, 0x7A, 0x38, 0x27, 0xD5, 0x74, 0x06, 0x85, 0x22, 0x1D, 0x78, 0x12,
    0x04, 0x8A, 0x03, 0x02, 0x23, 0x08, 0x3C, 0x2D, 0x06, 0x50, 0x2F, 0x02,
    0x80, 0x4A, 0xC2, 0x12, 0x33, 0x08, 0x3C, 0x21, 0x41, 0x28, 0x17, 0x34,
    0x05, 0xE6, 0x43, 0xDB, 0x07, 0xFA, 0x0A, 0x0E, 0xB0, 0x40, 0x50, 0xB6,
    0x31, 0x6B, 0xFF, 0x84, 0x9D, 0x7F, 0xF0, 0xB0, 0xCB, 0x06, 0x58, 0x3C,
    0x99, 0x01, 0x3D, 0x07, 0xA4, 0xD0, 0x63, 0xA1, 0xF5, 0x84, 0xA0, 0xFD,
    0x08, 0x82, 0x56, 0x86, 0x4B, 0x80, 0x9E, 0x83, 0xCB, 0x06, 0x58, 0x3E,
    0x58, 0x32, 0xC1, 0xE4, 0xF4, 0x04, 0xC8, 0x3D, 0x26, 0x82, 0x4D, 0x0F,
    0x90, 0xF4, 0x1F, 0x43, 0xA0, 0x87, 0x43, 0x25, 0xC0, 0x4B, 0x83, 0xCB,
    0x06, 0x58, 0x37, 0x5F, 0xFC, 0x2C, 0x50, 0x76, 0x51, 0x0F, 0x35, 0x21,
    0xFF, 0x31, 0x51, 0x21, 0xFA, 0x22, 0x8A, 0x98, 0x3D, 0x46, 0x28, 0xC9,
    0x79, 0x03, 0x14, 0x42, 0x8A, 0x03, 0x4C, 0xA1, 0x59, 0x5A, 0x05, 0xB7,
    0x2B, 0xB7, 0x0C, 0xEE, 0xA8, 0x64, 0xA3, 0x45, 0x06, 0xC1, 0x34, 0x40,
    0xA0, 0xF6, 0x08, 0x83, 0xF6, 0xEA, 0x87, 0x56, 0x13, 0x8E, 0xE5, 0x70,
    0xAC, 0xD0, 0x65, 0x0A, 0xCA, 0xD3, 0x09, 0x8A, 0x21, 0x5C, 0x48, 0x6A,
    0x11, 0x46, 0x85, 0x03, 0xD3, 0x14, 0x54, 0xC1, 0xF9, 0x8A, 0x89, 0x0E,
    0x50, 0xB6, 0x31, 0x0F, 0xFE, 0x2A, 0x5F, 0x41, 0xCE, 0x17, 0x40, 0xA9,
    0xD6, 0x10, 0xA6, 0xF5, 0xAA, 0xEF, 0x03, 0xD6, 0xB5, 0x3A, 0x12, 0x1A,
    0xEA, 0xE8, 0x42, 0x12, 0xC5, 0x90, 0x89, 0x68, 0x1E, 0x40, 0x9D, 0xCA,
    0x83, 0x5E, 0xBA, 0x2A, 0xA0, 0xDA, 0x06, 0x8D, 0xA0, 0x80, 0xAB, 0xD5,
    0x77, 0x79, 0x0D, 0x07, 0x9A, 0x21, 0xB0, 0xFF, 0xEA, 0xB8, 0x7F, 0xF5,
    0x70, 0xFF, 0xE1, 0x00, 0x50, 0xB6, 0x31, 0x0E, 0x43, 0xFF, 0x84, 0xF6,
    0x87, 0xFF, 0x02, 0x0A, 0x0F, 0xFE, 0x8C, 0x1B, 0xF8, 0x3E, 0x50, 0x7E,
    0xC2, 0xB0, 0x21, 0xDE, 0x0F, 0xBC, 0x1F, 0xBC, 0x14, 0x81, 0x41, 0xA0,
    0xFA, 0xF5, 0x10, 0x94, 0x1F, 0xF6, 0x1A, 0x6F, 0x07, 0xC8, 0x74, 0x87,
    0xFF, 0x02, 0xD1, 0xF0, 0x7F, 0xF0, 0x2E, 0x0F, 0xFE, 0x74, 0x04, 0x3F,
    0xF8, 0x39, 0x07, 0xE0, 0x50, 0x36, 0x91, 0x0F, 0xFE, 0x8D, 0x10, 0xFF,
    0xE3, 0x58, 0x7F, 0xF1, 0x28, 0x50, 0x3F, 0xF8, 0x5E, 0x0F, 0xFE, 0x2B,
    0x75, 0x10, 0x7F, 0xF0, 0x36, 0xEA, 0x20, 0xFF, 0xB0, 0x61, 0xB4, 0x3F,
    0xA4, 0x39, 0xDC, 0x3F, 0xB0, 0xA2, 0x12, 0x81, 0xE7, 0x0E, 0xA2, 0x08,
    0x83, 0x3D, 0xE8, 0xF4, 0xD3, 0x8C, 0x0E, 0x08, 0x6C, 0x9A, 0x24, 0x15,
    0x47, 0x70, 0x90, 0x51, 0x40, 0x7A, 0x50, 0x65, 0x01, 0x47, 0x8E, 0x47,
    0xD4, 0x72, 0x9A, 0xA4, 0x0D, 0xFA, 0x8D, 0xD6, 0x40, 0x50, 0xB6, 0x31,
    0x0F, 0xF9, 0x0F, 0xFE, 0x1A, 0xA0, 0xFF, 0xE0, 0xA0, 0xA0, 0x7F, 0xC8,
    0x82, 0x81, 0xFE, 0x68, 0xD3, 0x0F, 0xE6, 0xE2, 0x82, 0x19, 0x71, 0xC9,
    0x52, 0x1C, 0xBD, 0x82, 0x9C, 0x14, 0x86, 0x58, 0x27, 0x0B, 0x0E, 0xC9,
    0xD1, 0x04, 0x86, 0x74, 0x11, 0xA1, 0xFB, 0x41, 0x34, 0xC8, 0x90, 0xB3,
    0x79, 0x44, 0x51, 0x54, 0xEF, 0x34, 0x23, 0x80, 0xD6, 0x43, 0xA8, 0xD4,
    0x87, 0x9A, 0x10, 0x54, 0x55, 0x71, 0x44, 0x00, 0x50, 0x76, 0x51, 0x0F,
    0xCC, 0x1F, 0xFC, 0x34, 0xA0, 0x7F, 0xF0, 0x53, 0x68, 0x1F, 0xCA, 0x33,
    0x1A, 0x07, 0xEA, 0xDA, 0x86, 0x81, 0xFA, 0xEC, 0x09, 0x50, 0x72, 0x81,
    0x21, 0x3D, 0x41, 0x3E, 0x10, 0xCC, 0xF5, 0x02, 0x0A, 0x0C, 0xD1, 0xE1,
    0x3C, 0xAD, 0xB5, 0x1C, 0x92, 0x05, 0x82, 0xA6, 0x88, 0x7F, 0x60, 0x93,
    0xC8, 0x7F, 0x49, 0x6D, 0x38, 0x3A, 0x58, 0x75, 0x05, 0x87, 0x37, 0x69,
    0x1D, 0x36, 0x0B, 0xD4, 0x69, 0xC7, 0x74, 0x0C, 0xB7, 0x24, 0xBC, 0x00,
    0x50, 0xB6, 0x31, 0x6B, 0xFF, 0x84, 0x9D, 0x7F, 0xF0, 0x83, 0x90, 0xFF,
    0xE0, 0x20, 0xEC, 0x3F, 0xF9, 0x68, 0x7C, 0x88, 0x72, 0xA0, 0xF5, 0xC1,
    0xF6, 0x1F, 0xFC, 0x08, 0x33, 0x07, 0x48, 0x19, 0x0D, 0x63, 0x4E, 0xF4,
    0x78, 0x3E, 0xA3, 0x06, 0x43, 0x91, 0x14, 0x54, 0xC0, 0x5A, 0x14, 0x0F,
    0x0E, 0xC2, 0xD8, 0x85, 0x44, 0x94, 0x04, 0x32, 0x70, 0x67, 0x30, 0x61,
    0x34, 0x0C, 0xBB, 0xD3, 0xD7, 0xED, 0xD6, 0x80, 0x50, 0xF5, 0xD1, 0x0F,
    0xA0, 0xFF, 0xE0, 0x43, 0x21, 0xF5, 0x62, 0xC3, 0xD5, 0x01, 0xF0, 0x74,
    0x40, 0x4B, 0x83, 0x58, 0x54, 0x20, 0xF7, 0x40, 0xD0, 0x79, 0x8A, 0x1D,
    0x03, 0xA8, 0x04, 0x3F, 0x92, 0x81, 0xFF, 0xC0, 0xA7, 0x90, 0xF5, 0xD3,
    0xB7, 0x91, 0x45, 0x0D, 0xA8, 0xDD, 0xF5, 0x4D, 0x3A, 0x62, 0x74, 0x4A,
    0x68, 0x23, 0x09, 0x45, 0xEA, 0x0C, 0x35, 0xBD, 0x40, 0x50, 0xB6, 0x31,
    0x6B, 0xFF, 0x84, 0x9D, 0x5D, 0x7F, 0xB0, 0xA5, 0x0A, 0x0A, 0x9C, 0x8D,
    0x16, 0x0D, 0x5C, 0x8D, 0x05, 0xD4, 0x09, 0x58, 0x54, 0x09, 0xF4, 0x16,
    0x04, 0x1C, 0x0D, 0xC0, 0xD0, 0x28, 0x44, 0x39, 0xE9, 0x88, 0xD3, 0xD4,
    0xCB, 0xC2, 0x0A, 0x36, 0x4F, 0x11, 0x21, 0xDA, 0xAE, 0xD3, 0x30, 0xDA,
    0x1C, 0xCC, 0x86, 0xA0, 0x2A, 0x42, 0xD0, 0xAF, 0x40, 0xA1, 0x79, 0x09,
    0xCE, 0x0C, 0xD6, 0x70, 0xA8, 0x1F, 0x2A, 0x0A, 0xEB, 0xFC, 0x5E, 0x00,
    0x50, 0x76, 0x51, 0x0F, 0xE4, 0x3F, 0xE6, 0x03, 0x10, 0x7F, 0xA4, 0x4F,
    0xA0, 0xFE, 0x44, 0x1F, 0x50, 0x3F, 0xF8, 0x1C, 0xF5, 0x07, 0xE8, 0xE0,
    0x3D, 0x41, 0xCE, 0x08, 0x33, 0xD4, 0x12, 0x12, 0x1E, 0x6B, 0x03, 0xC2,
    0x1F, 0xD6, 0x15, 0xB3, 0x1E, 0x5A, 0x18, 0x3B, 0x74, 0x18, 0x87, 0xF4,
    0xC1, 0x79, 0x41, 0xFB, 0x70, 0xB9, 0xC3, 0xEE, 0x88, 0x66, 0xA0, 0xEC,
    0x55, 0xA8, 0x97, 0x06, 0xAC, 0x0F, 0x8A, 0xC1, 0xCB, 0x47, 0xCB, 0xC0,
    0x50, 0xB6, 0x31, 0x0E, 0xAF, 0x21, 0xFE, 0xEB, 0xB0, 0xFF, 0xE0, 0x38,
    0x7E, 0xAE, 0x18, 0x86, 0xB2, 0x56, 0x30, 0x23, 0x5B, 0x23, 0x4A, 0x18,
    0x27, 0x0A, 0x34, 0x0E, 0x14, 0xE1, 0x46, 0x87, 0xD3, 0x05, 0x1A, 0x5F,
    0x24, 0xC1, 0xFB, 0x5C, 0x1F, 0x46, 0x8D, 0x40, 0x98, 0x28, 0xD2, 0xF9,
    0x26, 0x0D, 0x53, 0x7C, 0x96, 0x1E, 0xF2, 0xFB, 0xC8, 0x74, 0x77, 0x77,
    0x18, 0x79, 0xCC, 0xCC, 0x50, 0x6A, 0xB7, 0x77, 0x6B, 0x60, 0x50, 0xB6,
    0x31, 0x05, 0x10, 0xFF, 0xE0, 0xD4, 0x41, 0xFF, 0x50, 0x0E, 0xA8, 0x3F,
    0xE6, 0xE2, 0x81, 0xFE, 0xEA, 0x4A, 0x07, 0xB4, 0x2C, 0x35, 0x03, 0x92,
    0xC9, 0x0D, 0x40, 0xE7, 0x02, 0x1E, 0xA0, 0x76, 0x87, 0xF5, 0x03, 0x50,
    0x3F, 0xD4, 0x0D, 0x40, 0xFF, 0x90, 0xD4, 0x0F, 0xCE, 0x87, 0x50, 0x3C,
    0x88, 0x7D, 0x40, 0xC8, 0x87, 0xF5, 0x00, 0x88, 0x7F, 0xD5, 0x08, 0x7F,
    0xF0, 0x6D, 0x0E, 0x50, 0x76, 0x51, 0x0E, 0x68, 0x87, 0xFF, 0x06, 0x28,
    0x41, 0xFF, 0x51, 0x53, 0x40, 0xFF, 0xE0, 0xB0, 0x7F, 0xF0, 0x50, 0xFF,
    0xE1, 0xBB, 0x40, 0xFF, 0xE0, 0xB5, 0x06, 0x70, 0xFE, 0x41, 0x82, 0xD0,
    0xFF, 0xA4, 0x2D, 0x0F, 0xFB, 0x18, 0x26, 0x0F, 0xD2, 0x24, 0xB5, 0x03,
    0xFC, 0x82, 0x80, 0x91, 0x0F, 0x90, 0x90, 0xA7, 0x82, 0xD0, 0x50, 0xC2,
    0x57, 0x82, 0x70, 0xA8, 0x15, 0xBA, 0x1A, 0xA0, 0xE8, 0xC8, 0x3D, 0x46,
    0xA6, 0xA4, 0x00, 0x51, 0x35, 0xB1, 0x0C, 0x87, 0xFD, 0x6F, 0x07, 0xE7,
    0x98, 0x39, 0xA1, 0x10, 0x50, 0x3A, 0x7C, 0xD1, 0xE2, 0x81, 0x9C, 0xD0,
    0x58, 0x82, 0xF4, 0xE0, 0xC4, 0x29, 0x1C, 0x24, 0x3F, 0x64, 0xEA, 0xA0,
    0x7C, 0x9B, 0x07, 0xEA, 0x61, 0x9C, 0x3C, 0xC2, 0x04, 0x3F, 0xB3, 0x28,
    0x1C, 0xE8, 0x21, 0x0E, 0x93, 0x4A, 0x07, 0x37, 0x40, 0xC0, 0x50, 0xB6,
    0x11, 0x0C, 0xC8, 0x7F, 0xF0, 0x22, 0x60, 0xFE, 0x6D, 0x05, 0x41, 0xF7,
    0x21, 0xAB, 0x07, 0xFF, 0x0A, 0xB0, 0x4D, 0x12, 0x50, 0x55, 0x0A, 0x3B,
    0xAB, 0x43, 0xBB, 0x81, 0xBE, 0x43, 0xED, 0x81, 0x87, 0xAB, 0x9C, 0x08,
    0x7F, 0x67, 0xAC, 0x3F, 0xD8, 0x14, 0x1F, 0xA8, 0x72, 0x1F, 0xCE, 0x06,
    0xD0, 0xF2, 0xA4, 0x35, 0x4C, 0xAE, 0xC3, 0xF7, 0x91, 0x1C, 0x3E, 0xD9,
    0x47, 0x38, 0x00, 0x50, 0x76, 0x71, 0x03, 0x20, 0x68, 0x87, 0xF5, 0x1A,
    0x8A, 0x30, 0x7E, 0x47, 0xA2, 0x16, 0x87, 0xF4, 0x1F, 0x38, 0x7E, 0x83,
    0xF9, 0x41, 0xFE, 0x48, 0x2B, 0x10, 0xFF, 0xE1, 0x38, 0xE1, 0xA4, 0x2D,
    0x14, 0x20, 0x90, 0xB0, 0xAA, 0xF0, 0x86, 0xC2, 0x70, 0xA1, 0x90, 0xE4,
    0x36, 0xD3, 0x10, 0xF3, 0xE8, 0x08, 0xC1, 0x96, 0x06, 0x61, 0x26, 0x2C,
    0x7A, 0xCD, 0x20, 0x54, 0x19, 0x81, 0x2B, 0x0E, 0xA9, 0xCC, 0x27, 0x0F,
    0xF6, 0x85, 0xA7, 0x40, 0xFD, 0x58, 0x61, 0x83, 0x00, 0x50, 0x76, 0x51,
    0x0F, 0xF2, 0x83, 0xCC, 0x06, 0x04, 0x82, 0x0E, 0x68, 0x3A, 0xA5, 0x8A,
    0x07, 0x50, 0x4C, 0x25, 0x54, 0x19, 0x29, 0x86, 0xB0, 0x61, 0x45, 0x64,
    0x16, 0x19, 0x31, 0x24, 0x95, 0x86, 0xD1, 0x89, 0x86, 0x10, 0xAC, 0x3B,
    0x20, 0x28, 0x0F, 0xC9, 0x81, 0xD0, 0x37, 0x60, 0xA2, 0xB4, 0x34, 0xC0,
    0x98, 0x51, 0x61, 0x4A, 0x14, 0x61, 0xCD, 0x3C, 0x85, 0x81, 0x2C, 0x28,
    0x90, 0x94, 0x21, 0x21, 0x50, 0x1B, 0x11, 0xDC, 0x1E, 0x67, 0x4B, 0xA0,
    0x7F, 0xC8, 0x87, 0xE0, 0x50, 0x3A, 0x8F, 0x0F, 0xFE, 0x85, 0xC1, 0xFF,
    0xC4, 0x50, 0xE1, 0xFF, 0xC1, 0x6D, 0x0B, 0x0F, 0xF3, 0x15, 0x7A, 0x30,
    0xFC, 0x92, 0x1C, 0xEC, 0x19, 0x06, 0x87, 0xF4, 0x20, 0xC1, 0x42, 0x40,
    0xD1, 0x05, 0x98, 0xB0, 0x25, 0xD4, 0x55, 0x0C, 0x86, 0x81, 0x6A, 0x91,
    0xA8, 0x08, 0x28, 0x14, 0x2A, 0xC2, 0xB3, 0x07, 0x07, 0xBD, 0x02, 0x86,
    0x20, 0xA9, 0x0E, 0x6A, 0x0B, 0x42, 0xA1, 0x5D, 0xA8, 0x3F, 0xE6, 0xBB,
    0xE0, 0xF0, 0x50, 0x76, 0x71, 0x0F, 0xCD, 0x10, 0xFF, 0xE0, 0xD1, 0xA3,
    0x61, 0xFE, 0xE8, 0x1D, 0x44, 0x3E, 0xA7, 0x23, 0x1D, 0x87, 0xA6, 0xE3,
    0x28, 0x09, 0x0A, 0xAF, 0x43, 0x05, 0x64, 0x8F, 0x05, 0x41, 0x0D, 0x66,
    0x6E, 0xAC, 0xD3, 0x0B, 0x90, 0xD2, 0xA1, 0xD6, 0xAB, 0x20, 0x99, 0x41,
    0xA2, 0xB0, 0x7A, 0x42, 0xBE, 0x98, 0x35, 0x03, 0xEA, 0xC1, 0xF5, 0x03,
    0xF3, 0x14, 0xC3, 0xEE, 0xA0, 0x73, 0x44, 0x39, 0x6A, 0x07, 0xFF, 0x06,
    0x54, 0x0E, 0x81, 0xFF, 0xC4, 0x6A, 0x0F, 0x80, 0x50, 0x36, 0x91, 0x0D,
    0x44, 0x3F, 0xF8, 0x6D, 0x4C, 0x87, 0xFF, 0x07, 0x82, 0xB0, 0xFF, 0xE0,
    0x38, 0x10, 0x48, 0x55, 0x83, 0x78, 0x10, 0x58, 0x2B, 0x94, 0x05, 0x03,
    0x0A, 0xAC, 0x33, 0x03, 0x43, 0xEA, 0x21, 0x36, 0x1F, 0xFC, 0x48, 0x83,
    0xFF, 0x89, 0x44, 0x3B, 0x42, 0x83, 0xFF, 0x84, 0xE1, 0x50, 0x32, 0x1F,
    0xDC, 0x17, 0x02, 0x20, 0xFC, 0xD6, 0xCE, 0xD0, 0xFF, 0xAA, 0x2A, 0x43,
    0xFF, 0x85, 0x66, 0x1F, 0xFC, 0x37, 0x78, 0x3F, 0xF8, 0x6B, 0x61, 0xFE,
    0x50, 0x76, 0x50, 0x05, 0x60, 0xF5, 0x64, 0x15, 0xE0, 0xD5, 0xD8, 0xC5,
    0xB4, 0x03, 0x16, 0xD3, 0x02, 0x60, 0xA8, 0x09, 0x87, 0xD9, 0x56, 0x1B,
    0x05, 0x0F, 0x21, 0xF7, 0x95, 0x9C, 0x87, 0xF9, 0xB4, 0x6C, 0x3F, 0xEE,
    0x0D, 0x82, 0x0D, 0x23, 0x86, 0xA2, 0x23, 0x08, 0x25, 0x06, 0x51, 0x86,
    0xD0, 0xFA, 0x10, 0x38, 0x86, 0x90, 0xA3, 0x02, 0x68, 0x4E, 0x1A, 0x9C,
    0x0C, 0x26, 0xE0, 0xF3, 0x57, 0xA8, 0x41, 0xFE, 0xAF, 0x21, 0xC0, 0x50,
    0x76, 0x51, 0x0F, 0xFE, 0x66, 0x85, 0xC1, 0xEA, 0xC9, 0x56, 0x06, 0xA5,
    0x7D, 0x40, 0x53, 0xC0, 0xCB, 0x72, 0x81, 0x61, 0x4C, 0x39, 0xE8, 0x39,
    0x0D, 0x79, 0x18, 0x45, 0x05, 0x02, 0x20, 0xC8, 0x3C, 0x2C, 0x05, 0x07,
    0x20, 0xA8, 0x70, 0xFF, 0x99, 0xEA, 0x64, 0x3D, 0xE9, 0xAE, 0x64, 0x3F,
    0xB4, 0x0E, 0x9A, 0x1F, 0xB8, 0x1C, 0x87, 0xFF, 0x03, 0x04, 0x83, 0x43,
    0xA8, 0x87, 0xD6, 0x1F, 0x45, 0x7E, 0x43, 0xF3, 0x5F, 0x07, 0x00, 0x50,
    0xB6, 0x31, 0x0F, 0xFE, 0x33, 0x35, 0x7A, 0xA6, 0x81, 0x7A, 0xA1, 0x6E,
    0xCA, 0x0F, 0x40, 0x63, 0x24, 0x84, 0x9A, 0x07, 0xC1, 0xA0, 0xD9, 0x50,
    0x8A, 0xCE, 0x80, 0x4A, 0x83, 0x31, 0x09, 0x28, 0x0C, 0xAA, 0x20, 0x70,
    0x50, 0x76, 0x89, 0x14, 0x09, 0x92, 0xF3, 0xD5, 0x9A, 0x09, 0x0C, 0x87,
    0x61, 0x39, 0xD3, 0x3A, 0x8B, 0x68, 0x08, 0x81, 0x18, 0xAC, 0x15, 0x12,
    0x8E, 0x54, 0x21, 0x54, 0xAB, 0x88, 0x90, 0xF4, 0x57, 0x90, 0xFE, 0x6B,
    0x83, 0xC0, 0x50, 0xF5, 0xD1, 0x09, 0x83, 0x48, 0x7B, 0xA0, 0x28, 0x41,
    0xA9, 0xE0, 0xA0, 0xFF, 0x21, 0x61, 0xFF, 0xC0, 0x70, 0xEC, 0x2D, 0xC3,
    0xE6, 0x41, 0x85, 0x87, 0xA7, 0x1F, 0x21, 0xD8, 0x18, 0x3F, 0xB1, 0x02,
    0x1F, 0x39, 0x04, 0xD0, 0x36, 0x9A, 0xE3, 0x40, 0x87, 0x61, 0x78, 0x18,
    0x97, 0xC1, 0x20, 0x94, 0x40, 0x80, 0xC1, 0x72, 0x4B, 0x51, 0x0D, 0x15,
    0x89, 0x00, 0x50, 0x76, 0x50, 0x05, 0x10, 0xFD, 0x50, 0x4D, 0x04, 0x3D,
    0x50, 0x6C, 0xCE, 0xBF, 0xB4, 0x3A, 0x9A, 0x06, 0x10, 0xFD, 0x89, 0x88,
    0x20, 0x20, 0xDC, 0x2D, 0xA0, 0x1B, 0x09, 0xC3, 0xFF, 0x88, 0xE3, 0x87,
    0x38, 0x73, 0x83, 0x10, 0xD8, 0x81, 0x6F, 0x14, 0x4A, 0x14, 0x58, 0x56,
    0x81, 0x0F, 0x21, 0x6A, 0x84, 0x0C, 0x08, 0x2D, 0x92, 0x98, 0x1A, 0xC1,
    0xB8, 0x13, 0x44, 0x3C, 0xD1, 0x83, 0xA2, 0xBC, 0x41, 0xFC, 0xD7, 0x90,
    0xE0, 0x50, 0xB6, 0x11, 0x0F, 0xD0, 0x7F, 0xF0, 0x9D, 0x0F, 0xFE, 0x03,
    0x38, 0x7F, 0x9A, 0x05, 0xC8, 0x7D, 0x21, 0x4A, 0xA0, 0x7A, 0x6C, 0x10,
    0x30, 0xE4, 0x90, 0xD0, 0x79, 0xD1, 0x82, 0x4A, 0x01, 0xE0, 0x30, 0x68,
    0x44, 0x90, 0xE8, 0x08, 0x5A, 0x21, 0x36, 0x12, 0x8D, 0x1E, 0xB2, 0x16,
    0xC9, 0x1D, 0x10, 0xE4, 0x26, 0x43, 0xFE, 0x83, 0xEC, 0x3F, 0xF8, 0x48,
    0x7F, 0xF0, 0xD2, 0xB9, 0xC0, 0x50, 0x7A, 0x6F, 0x0F, 0x35, 0xC1, 0xFF,
    0x33, 0x5E, 0x43, 0xFB, 0x83, 0xD1, 0x07, 0xD4, 0x64, 0x2A, 0x38, 0x79,
    0xE6, 0x68, 0xD4, 0xC1, 0xD2, 0x1A, 0x88, 0x34, 0x40, 0xD8, 0x5C, 0x07,
    0x03, 0x11, 0xE8, 0xC3, 0xF6, 0x0F, 0x07, 0x67, 0x33, 0x87, 0xF6, 0x19,
    0x34, 0x1A, 0x78, 0x8C, 0x2E, 0xB6, 0x23, 0xC0, 0x43, 0x68, 0x18, 0x9E,
    0x0D, 0x53, 0x7D, 0x15, 0x83, 0xD4, 0x25, 0xEA, 0x61, 0xFA, 0x29, 0xF4,
    0xC8, 0x60, 0x50, 0x36, 0x90, 0x0A, 0xA6, 0xBC, 0xDC, 0x84, 0xEB, 0x75,
    0xE1, 0x1A, 0x02, 0x0D, 0x07, 0x94, 0x12, 0x83, 0xFF, 0x9A, 0x87, 0x94,
    0x1C, 0x87, 0x61, 0xCD, 0x10, 0xFF, 0x21, 0xD5, 0x07, 0xC8, 0x13, 0xC1,
    0x3C, 0x87, 0xA0, 0x42, 0x1F, 0x90, 0x41, 0x68, 0x2C, 0xBC, 0x2A, 0x74,
    0x36, 0x86, 0xD5, 0x4C, 0xC3, 0xCE, 0x15, 0x19, 0x04, 0x87, 0xD4, 0x04,
    0x09, 0x1C, 0x3F, 0xB8, 0x12, 0x08, 0x43, 0xF9, 0xAB, 0x2A, 0x43, 0xFF,
    0x81, 0x5E, 0x0F, 0x80, 0x50, 0x76, 0x51, 0x0F, 0xFE, 0x45, 0x4A, 0xAE,
    0x6A, 0x0A, 0xB0, 0xD7, 0x15, 0x8B, 0x04, 0x87, 0x94, 0x0A, 0x74, 0x50,
    0x7E, 0xE9, 0x8B, 0x50, 0x3F, 0x4A, 0x23, 0x24, 0x3F, 0xB0, 0xDE, 0x43,
    0xFE, 0xD0, 0xEB, 0x02, 0x81, 0xC0, 0x93, 0x06, 0x3D, 0x35, 0x61, 0x61,
    0x9E, 0x22, 0xA4, 0x3B, 0x0C, 0x85, 0x87, 0x38, 0x73, 0xDA, 0x70, 0x5A,
    0x50, 0x09, 0x85, 0x40, 0x58, 0x54, 0x46, 0xB8, 0x6D, 0x0D, 0x15, 0xF8,
    0x90, 0xF3, 0x5F, 0x90, 0xC0, 0x50, 0x76, 0x50, 0x03, 0x52, 0x19, 0xA9,
    0x0D, 0xD4, 0x40, 0x7A, 0x84, 0x14, 0x16, 0xD4, 0x44, 0x38, 0x75, 0x05,
    0xC4, 0xA0, 0xFC, 0x87, 0xB1, 0x0F, 0xB8, 0x3C, 0xE0, 0xC6, 0x0C, 0xC1,
    0x41, 0x9B, 0x02, 0x86, 0x0A, 0x02, 0x1E, 0xAF, 0xF7, 0x21, 0xCA, 0xAF,
    0xE1, 0x06, 0x97, 0x21, 0x9B, 0xC1, 0x38, 0x19, 0x55, 0x14, 0x05, 0x0A,
    0x06, 0x6A, 0x42, 0xA0, 0x55, 0x07, 0xE6, 0x81, 0xD4, 0x6B, 0xE6, 0x0F,
    0xCD, 0x7C, 0x1C, 0x50, 0x76, 0x51, 0x0F, 0xFE, 0x45, 0x18, 0x3D, 0x46,
    0x09, 0xE2, 0x8D, 0x1A, 0x8A, 0x03, 0x79, 0x05, 0x00, 0xF0, 0x79, 0x28,
    0x81, 0xB0, 0xF7, 0x47, 0x05, 0x12, 0x64, 0x26, 0xE0, 0x55, 0x82, 0xF4,
    0x13, 0x07, 0xFA, 0x0E, 0xD1, 0x83, 0x30, 0x7F, 0x9C, 0x33, 0x82, 0x40,
    0xE1, 0x78, 0x14, 0x42, 0xC3, 0xD4, 0x7C, 0x50, 0x3C, 0xF0, 0x64, 0x2A,
    0x30, 0x53, 0x19, 0x16, 0x12, 0x1A, 0x99, 0x96, 0xA1, 0xE2, 0x0D, 0xA7,
    0x51, 0x4E, 0x81, 0x91, 0xBB, 0xAB, 0x83, 0x00, 0x50, 0xB6, 0x11, 0x0F,
    0xFE, 0x2D, 0x60, 0xF3, 0x50, 0x57, 0x5F, 0x1E, 0x90, 0x37, 0x5E, 0xED,
    0x40, 0x48, 0x3D, 0x16, 0x0A, 0x68, 0x7D, 0xB8, 0x7F, 0xF0, 0xB4, 0x3D,
    0xA1, 0x69, 0xA0, 0xA0, 0x14, 0x12, 0x07, 0x28, 0x14, 0x1A, 0x41, 0x42,
    0x05, 0x10, 0xA8, 0x8A, 0xD6, 0xE1, 0x2A, 0xC9, 0x57, 0xC3, 0x78, 0x49,
    0x86, 0x9A, 0x42, 0x75, 0x07, 0x3B, 0xD6, 0x0F, 0xEB, 0x32, 0x0F, 0xFA,
    0xB0, 0x78, 0x50, 0x76, 0x51, 0x0F, 0xFE, 0x45, 0xE9, 0xBD, 0x37, 0xC1,
    0x27, 0x32, 0x06, 0x6E, 0x80, 0xF3, 0x07, 0xEA, 0x28, 0x1D, 0x03, 0xFC,
    0xE8, 0x10, 0xFF, 0xE1, 0x40, 0x43, 0xFF, 0x85, 0x03, 0x0B, 0x83, 0x38,
    0x48, 0x10, 0x9D, 0xF4, 0xA0, 0xFF, 0x45, 0x36, 0x81, 0xFF, 0x42, 0x28,
    0x3F, 0xF8, 0x5E, 0x44, 0x3C, 0x87, 0x35, 0x07, 0x20, 0x83, 0x4D, 0x4A,
    0x0A, 0x0B, 0x09, 0xFD, 0x05, 0x87, 0x72, 0x1E, 0x6C, 0x3E, 0x6F, 0xF4,
    0x86, 0x50, 0xBA, 0x2F, 0x0F, 0xFE, 0x46, 0xF8, 0x43, 0xFF, 0x81, 0xAA,
    0x81, 0xFD, 0xD7, 0x90, 0xFF, 0x9B, 0xCC, 0x1F, 0xDD, 0x10, 0x41, 0xFF,
    0xC0, 0x45, 0x41, 0xFF, 0xC0, 0xF5, 0x10, 0xC8, 0x7F, 0xF0, 0x92, 0xAC,
    0x3F, 0xD4, 0x4C, 0x3F, 0xE7, 0x06, 0xD8, 0x7F, 0x5E, 0x68, 0x87, 0xF9,
    0x06, 0xA9, 0x0F, 0xEA, 0x06, 0x50, 0x7F, 0xF0, 0x2F, 0x40, 0x50, 0x7A,
    0x6F, 0x09, 0xA0, 0x79, 0xA0, 0x7A, 0x2A, 0x42, 0x8A, 0x90, 0xA8, 0x82,
    0xC0, 0xE8, 0x2C, 0x3F, 0xA8, 0x68, 0x6A, 0x14, 0x0F, 0xA8, 0x1F, 0xE6,
    0x0D, 0xA3, 0x06, 0x90, 0x41, 0xC8, 0x20, 0xF6, 0x23, 0x06, 0x50, 0xC1,
    0xFC, 0x86, 0x50, 0x10, 0xF2, 0x88, 0x24, 0x08, 0x86, 0xC1, 0x68, 0x5A,
    0x5C, 0x14, 0xD0, 0x3E, 0xA0, 0x7F, 0xF0, 0xE8, 0x68, 0x6A, 0x02, 0x88,
    0x2C, 0x0E, 0x82, 0xC3, 0x45, 0x48, 0x51, 0x52, 0x00, 0x51, 0x35, 0x91,
    0x0C, 0xD1, 0x0F, 0x51, 0xA1, 0x21, 0x5D, 0x62, 0xD0, 0x9A, 0xC5, 0x31,
    0xA8, 0x27, 0x77, 0x0D, 0x23, 0xBC, 0x1A, 0xC3, 0xEA, 0x02, 0x81, 0xE6,
    0x0C, 0xEC, 0x14, 0x0A, 0x2B, 0x09, 0x02, 0x15, 0x02, 0x73, 0x83, 0xE7,
    0xA0, 0x28, 0x1D, 0x40, 0x50, 0x32, 0x1A, 0x81, 0xE4, 0x14, 0x0F, 0x25,
    0x41, 0xE0, 0x50, 0xB6, 0x11, 0x0F, 0xE5, 0x07, 0xFF, 0x09, 0x10, 0xFC,
    0x92, 0x42, 0x1F, 0x47, 0x14, 0x4A, 0x07, 0x9A, 0x3C, 0x38, 0x79, 0x9E,
    0x78, 0x43, 0x9E, 0x8F, 0x3C, 0x68, 0x4C, 0x51, 0xD7, 0xB0, 0xAE, 0x28,
    0xA0, 0x21, 0xE6, 0x84, 0x1E, 0x90, 0x50, 0x90, 0xFD, 0x8A, 0xA0, 0x87,
    0xF4, 0x82, 0x81, 0xD0, 0x6A, 0x20, 0xA0, 0x7F, 0xA0, 0xD4, 0x0F, 0x50,
    0x3E, 0xA2, 0x15, 0x87, 0xF4, 0x56, 0x40, 0x50, 0xF5, 0xF1, 0x0F, 0x98,
    0x3F, 0xF8, 0x3D, 0x03, 0xFF, 0xBA, 0xE1, 0xFF, 0xC0, 0x84, 0x3F, 0xEA,
    0x22, 0xA5, 0x41, 0xA8, 0x17, 0xA5, 0x03, 0xA6, 0x1D, 0x36, 0x8D, 0x10,
    0xFA, 0xE4, 0x3E, 0x71, 0x0F, 0xF2, 0x27, 0xD2, 0x1E, 0x50, 0x3E, 0x83,
    0xFE, 0x41, 0x82, 0xA0, 0xF9, 0xF1, 0x5E, 0x0C, 0xB8, 0x3A, 0x8D, 0x0A,
    0x60, 0x50, 0xF5, 0xF1, 0x0F, 0x35, 0x32, 0x1E, 0x66, 0x89, 0xE0, 0x55,
    0x90, 0x4A, 0x14, 0x0A, 0x68, 0x65, 0x1E, 0x0F, 0xF2, 0xC6, 0x87, 0x94,
    0x0F, 0xA4, 0x3C, 0x89, 0xF4, 0x87, 0xCE, 0x21, 0x9A, 0x21, 0xEE, 0xE7,
    0xA6, 0x1D, 0x56, 0x86, 0xA0, 0x5E, 0x94, 0x1E, 0xA2, 0x2A, 0x04, 0x1E,
    0x84, 0x25, 0x07, 0xE7, 0x0F, 0xFF, 0x07, 0x40, 0xE0, 0x50, 0x4A, 0x67,
    0x6B, 0xC8, 0x55, 0xE4, 0x8A, 0xE2, 0xBF, 0x72, 0x83, 0xC9, 0xE0, 0xE4,
    0x60, 0xFB, 0x70, 0xE6, 0x0F, 0xC8, 0x7E, 0xD0, 0x68, 0x6D, 0x02, 0x1F,
    0x92, 0xB8, 0x11, 0x5C, 0x00, 0x50, 0xB6, 0x11, 0x02, 0x4B, 0x07, 0xF4,
    0x13, 0x40, 0xFC, 0xCC, 0x07, 0x0F, 0xC9, 0xAB, 0x83, 0xFD, 0x06, 0x43,
    0x22, 0x12, 0x1E, 0xB6, 0x78, 0x3E, 0x4C, 0x66, 0xC0, 0x84, 0x81, 0xE9,
    0xE5, 0x18, 0x7E, 0x42, 0x91, 0x09, 0x09, 0x0C, 0x87, 0xC8, 0x10, 0xFD,
    0x87, 0xC8, 0x7E, 0xD6, 0x0B, 0x09, 0x0E, 0xA0, 0x6C, 0x2C, 0x3F, 0xE4,
    0x24, 0x3F, 0xC8, 0x50, 0x7F, 0xCA, 0x24, 0x00, 0x50, 0xF5, 0xD1, 0x0E,
    0x68, 0x87, 0xF4, 0x50, 0x83, 0xEA, 0x20, 0x68, 0x1C, 0xE1, 0xE9, 0x0D,
    0xA1, 0xF6, 0x1F, 0xFF, 0x0D, 0x0F, 0xB0, 0xCE, 0x1E, 0x90, 0xEA, 0x06,
    0xB0, 0xF2, 0x60, 0xC3, 0xCC, 0x58, 0x38, 0xA0, 0x92, 0x1E, 0x6A, 0xD0,
    0xFF, 0xE0, 0x75, 0xFF, 0xC0, 0x00, 0x50, 0x7A, 0x6F, 0x0C, 0xD4, 0x06,
    0xE0, 0xFD, 0x15, 0xB9, 0x1D, 0x0E, 0xA2, 0x14, 0x87, 0x41, 0xFF, 0xC0,
    0x83, 0xD0, 0x6C, 0x3F, 0xF8, 0xA8, 0x7E, 0x43, 0x90, 0xFF, 0xE0, 0x21,
    0xFC, 0xE1, 0xFF, 0xC1, 0x43, 0xFE, 0x43, 0xD8, 0x6A, 0x07, 0x41, 0xE4,
    0x3B, 0x80, 0xD0, 0x3B, 0x0E, 0xB1, 0x32, 0x0E, 0xD0, 0x35, 0x92, 0x9C,
    0x1D, 0x67, 0x07, 0xE7, 0x0F, 0x25, 0x7F, 0xC1, 0xF0, 0x51, 0x35, 0x91,
    0x0C, 0xD1, 0x0F, 0x3C, 0xAB, 0x42, 0x60, 0xF4, 0x82, 0x0F, 0xD0, 0x7F,
    0xF0, 0x50, 0x21, 0x90, 0x20, 0xEF, 0xD6, 0x1C, 0x86, 0x40, 0xB1, 0xA0,
    0x71, 0x0D, 0x20, 0x60, 0xF9, 0x02, 0x1F, 0x97, 0x07, 0xF2, 0x83, 0xFF,
    0x87, 0xA1, 0xFF, 0xC1, 0xA2, 0x1C, 0xE8, 0x22, 0xB2, 0xA0, 0x50, 0xF5,
    0xD1, 0x0F, 0x2C, 0x1F, 0xDE, 0xAB, 0x83, 0x9C, 0x3C, 0xE1, 0xA0, 0xFE,
    0x81, 0x07, 0xF9, 0x02, 0x1D, 0x70, 0x48, 0x4D, 0xE4, 0x50, 0x34, 0x10,
    0x84, 0xC8, 0x10, 0xD8, 0x1C, 0x3F, 0x30, 0x18, 0x2C, 0x84, 0x80, 0x81,
    0x11, 0x0A, 0x58, 0x2C, 0x25, 0x01, 0x41, 0x21, 0xFF, 0xC1, 0x90, 0xFF,
    0xE0, 0x21, 0xA8, 0x87, 0x5A, 0x1A, 0x2B, 0x34, 0x00, 0x51, 0x35, 0x91,
    0x09, 0xA9, 0x0F, 0x45, 0x4A, 0x82, 0xA2, 0x19, 0xA1, 0x40, 0x2A, 0x41,
    0xA0, 0xB9, 0xA9, 0x07, 0x90, 0x50, 0x68, 0x81, 0x42, 0x83, 0xCB, 0x84,
    0x08, 0x5E, 0x4B, 0x28, 0x86, 0xE5, 0x48, 0x79, 0x09, 0x0F, 0xD5, 0x21,
    0xFA, 0xA4, 0x33, 0x87, 0xE9, 0x0F, 0xF2, 0x0E, 0x43, 0xAD, 0x18, 0xAC,
    0xD0, 0x51, 0x35, 0xB1, 0x0C, 0xD1, 0x0F, 0x99, 0xA2, 0xA0, 0xD1, 0x06,
    0x68, 0x07, 0x43, 0xB2, 0x86, 0x84, 0xD4, 0x87, 0xA8, 0x51, 0xCD, 0x1A,
    0x90, 0xB4, 0x2E, 0x60, 0x3A, 0x69, 0x0C, 0x06, 0x10, 0xE4, 0x3F, 0xB0,
    0x2A, 0x8A, 0x0F, 0xCD, 0x10, 0xF2, 0x1F, 0xFC, 0xC7, 0x0F, 0xFE, 0x0C,
    0x1E, 0x6C, 0x14, 0x6B, 0x24, 0x80, 0x50, 0xF5, 0xF1, 0x0C, 0xD7, 0x21,
    0xF4, 0xD7, 0x10, 0x73, 0x87, 0x9D, 0x09, 0x10, 0xE4, 0x70, 0xB4, 0x0D,
    0x1C, 0x14, 0x0F, 0x74, 0x68, 0x1A, 0x82, 0xA0, 0xD4, 0x30, 0xDA, 0x82,
    0x8C, 0x60, 0xCE, 0x12, 0x1E, 0x40, 0xC1, 0x66, 0xDC, 0xD0, 0x6A, 0x05,
    0xC8, 0x73, 0x50, 0x7F, 0xFA, 0x68, 0x87, 0x36, 0x1D, 0x15, 0xC4, 0x80,
    0x51, 0x35, 0xB1, 0x0E, 0xA2, 0x1F, 0x9E, 0xB0, 0x7A, 0x0E, 0xE8, 0x15,
    0x14, 0x05, 0x5A, 0x38, 0x20, 0x40, 0x73, 0x43, 0xFB, 0x0F, 0xFE, 0x03,
    0x08, 0x7F, 0x3D, 0xB5, 0xF3, 0xA0, 0x6E, 0xAE, 0x43, 0x9C, 0x0E, 0x1F,
    0x30, 0x18, 0x3F, 0x40, 0x43, 0xFA, 0x64, 0x3F, 0xCC, 0x1F, 0x51, 0x0E,
    0x6C, 0x28, 0xAE, 0x24, 0x50, 0xBA, 0x0F, 0x0F, 0xFE, 0x12, 0x1F, 0xF2,
    0x04, 0x3F, 0xE4, 0xBC, 0x87, 0xF2, 0x33, 0x07, 0xF2, 0x20, 0xA0, 0x7E,
    0x43, 0x90, 0xFA, 0x80, 0xE1, 0xE0, 0xE7, 0x86, 0x1E, 0x0F, 0x3A, 0xEF,
    0x41, 0xFD, 0xA8, 0xE0, 0xFD, 0x59, 0x20, 0xFA, 0xA2, 0x84, 0x1F, 0x90,
    0x5A, 0xB0, 0xFD, 0xBE, 0x43, 0xFF, 0x81, 0xA8, 0x3F, 0xE0, 0x50, 0xB6,
    0x31, 0x03, 0x44, 0x3F, 0xF8, 0x11, 0x42, 0x0F, 0xF5, 0x10, 0x34, 0x0F,
    0xFE, 0x25, 0x03, 0xFF, 0x89, 0x40, 0xFF, 0xE2, 0x50, 0x3D, 0xA1, 0xFD,
    0x07, 0x22, 0x1E, 0x95, 0x07, 0x3A, 0x1A, 0x49, 0x83, 0xAD, 0x04, 0x82,
    0x8C, 0x1D, 0x6C, 0x86, 0xA3, 0x07, 0x5A, 0x1E, 0xA2, 0x1E, 0x90, 0xFE,
    0x43, 0xD2, 0x1E, 0x84, 0x3E, 0x90, 0xFF, 0xE2, 0x48, 0x76, 0x1F, 0xEA,
    0x2A, 0xC0, 0x50, 0xBE, 0x0D, 0x0F, 0xCB, 0x07, 0xFC, 0xA3, 0x43, 0xFE,
    0x58, 0x3F, 0xF8, 0x6E, 0x1F, 0xFC, 0x2D, 0x09, 0x50, 0x4C, 0x07, 0x0C,
    0x91, 0x40, 0xD8, 0xC8, 0x75, 0x0C, 0x18, 0xC9, 0x21, 0xB4, 0x0A, 0x0E,
    0x50, 0x7F, 0xF0, 0x65, 0x07, 0xFF, 0x19, 0xD9, 0x0F, 0xFE, 0x06, 0xC8,
    0x7F, 0x00, 0x51, 0x75, 0x71, 0x0F, 0xFE, 0x1B, 0x87, 0xF7, 0xA0, 0xFA,
    0x86, 0x87, 0xB0, 0x38, 0x74, 0x85, 0x40, 0x98, 0x3F, 0xB0, 0xF5, 0x07,
    0x0F, 0xED, 0x0F, 0xB4, 0x3F, 0x9C, 0x10, 0x7F, 0xF2, 0x68, 0x1C, 0xF4,
    0x2A, 0x0B, 0x4E, 0x68, 0x34, 0x03, 0x15, 0x10, 0x00, 0x50, 0x76, 0x71,
    0x0F, 0xF3, 0x44, 0x3E, 0x82, 0x6A, 0x68, 0x41, 0xD5, 0x09, 0x10, 0x4E,
    0x87, 0xED, 0x20, 0xE7, 0x0E, 0xB0, 0xFF, 0xE0, 0x21, 0x72, 0x1D, 0x21,
    0xD8, 0x1E, 0xA1, 0x28, 0x84, 0xF4, 0x1A, 0xE5, 0x61, 0xE4, 0x35, 0x7C,
    0x87, 0x21, 0xD5, 0xF2, 0x1F, 0xEA, 0xF2, 0xB4, 0x3F, 0xAE, 0xA1, 0x21,
    0x0E, 0xA0, 0x39, 0x0E, 0x50, 0x6B, 0x0D, 0x61, 0xFC, 0xA1, 0x0F, 0xB4,
    0x83, 0x26, 0x1A, 0x61, 0x22, 0x40, 0xE8, 0x72, 0x13, 0x51, 0x42, 0x0C,
    0x50, 0xB6, 0x31, 0x0F, 0x32, 0x1F, 0xFC, 0x18, 0x84, 0x3F, 0xEA, 0x33,
    0x87, 0xFA, 0x85, 0xA1, 0xFE, 0xA1, 0x42, 0x81, 0xFD, 0x85, 0x70, 0x7F,
    0x48, 0x54, 0x43, 0xFF, 0x83, 0x87, 0xFC, 0xE1, 0x61, 0x56, 0x42, 0xD0,
    0xE6, 0xB8, 0x83, 0xE6, 0x20, 0xCD, 0x03, 0xAE, 0x43, 0xFF, 0x88, 0x87,
    0xFF, 0x13, 0x0E, 0x83, 0xE8, 0x15, 0xF0, 0x54, 0x43, 0xAB, 0xF0, 0x25,
    0x57, 0xE6, 0x80, 0x50, 0xF9, 0xCE, 0x09, 0xAF, 0x21, 0xD1, 0x5E, 0x64,
    0x14, 0x43, 0xEB, 0x18, 0x3F, 0xD4, 0xC0, 0x84, 0x81, 0x0F, 0x49, 0x40,
    0x48, 0x76, 0x96, 0x0D, 0x06, 0x1F, 0xFC, 0x16, 0x0F, 0xF5, 0x0A, 0x07,
    0xCD, 0x02, 0xA0, 0xD6, 0x20, 0xEC, 0xEB, 0x21, 0xD6, 0xC1, 0xFE, 0xA2,
    0x1F, 0xC0, 0x50, 0xB6, 0x31, 0x2B, 0xFF, 0x82, 0x16, 0xAA, 0xFE, 0xDC,
    0x3F, 0xEF, 0x06, 0xC3, 0xFF, 0x8A, 0x87, 0xFF, 0x13, 0x0F, 0xE5, 0x07,
    0xFF, 0x0E, 0x81, 0xFD, 0xFF, 0xD0, 0x7F, 0xF2, 0xDF, 0xFF, 0x83, 0xFF,
    0x98, 0xD7, 0xC1, 0xFC, 0xD7, 0xC1, 0xFC, 0xD7, 0xC1, 0xFC, 0xD7, 0xC1,
    0xFF, 0xC9, 0xE4, 0xAF, 0xF9, 0x60, 0x50, 0xB6, 0x31, 0x5E, 0x97, 0xFC,
    0x04, 0x56, 0xA1, 0x14, 0x30, 0x7F, 0xF0, 0xE4, 0xDD, 0x5A, 0xB7, 0x54,
    0x16, 0xEA, 0xD5, 0xBA, 0x8A, 0x1B, 0xAB, 0x56, 0xEE, 0x31, 0xBA, 0xB5,
    0x6E, 0x51, 0x83, 0xFF, 0x81, 0xA1, 0xB7, 0x56, 0xAD, 0xB7, 0x63, 0x71,
    0xD5, 0xE5, 0xB6, 0x0D, 0xD8, 0x2F, 0x07, 0xB6, 0xF3, 0x40, 0x6A, 0xD8,
    0xD1, 0x60, 0x4E, 0xAD, 0x8F, 0x0A, 0x33, 0x75, 0x6C, 0x06, 0x56, 0xDB,
    0xAB, 0x61, 0x83, 0xFF, 0x86, 0xAD, 0x5A, 0xB7, 0x56, 0xA0, 0x50, 0xB6,
    0x31, 0x97, 0x4B, 0xFE, 0x14, 0x2B, 0x50, 0x8A, 0x14, 0x30, 0x7F, 0xF1,
    0x19, 0x5B, 0x6E, 0xAD, 0x8F, 0x0A, 0xF1, 0xBA, 0xB6, 0x34, 0x54, 0x0D,
    0xD5, 0xB1, 0xB7, 0x34, 0x4D, 0x5B, 0x07, 0x78, 0x17, 0x83, 0xDB, 0xE7,
    0x56, 0x2D, 0xB1, 0xBA, 0xB5, 0x74, 0xDD, 0x83, 0xFF, 0x82, 0x86, 0xDD,
    0x5A, 0xB7, 0xD4, 0x63, 0x75, 0x6A, 0xDD, 0xC6, 0x37, 0x56, 0xAD, 0xD4,
    0x50, 0xDD, 0x5A, 0xB7, 0x54, 0x61, 0xFF, 0xC3, 0xA0, 0x1D, 0x5A, 0xB7,
    0x56, 0xA0, 0x50, 0xB6, 0x11, 0x0F, 0xF4, 0x87, 0xFF, 0x06, 0x19, 0x0F,
    0xF5, 0x01, 0x68, 0x7F, 0x67, 0x16, 0x1F, 0xE9, 0xD2, 0x81, 0xAA, 0x7D,
    0x24, 0x1D, 0x59, 0x9E, 0x68, 0x1B, 0x0F, 0x25, 0x38, 0x26, 0x0E, 0x7A,
    0x21, 0xDA, 0x1F, 0xFC, 0x39, 0x09, 0xC3, 0xE7, 0xD2, 0x1F, 0xE7, 0xA6,
    0x43, 0x87, 0xBA, 0x86, 0x44, 0x3A, 0xB0, 0x65, 0x07, 0x45, 0x03, 0xFF,
    0x81, 0xE8, 0x3F, 0xF8, 0x20, 0x51, 0xB5, 0x31, 0x09, 0x41, 0xCF, 0x4E,
    0x03, 0x28, 0x0C, 0x51, 0x41, 0x20, 0xC3, 0xF2, 0x1F, 0x41, 0xE4, 0x60,
    0xCC, 0x07, 0x55, 0x03, 0xDA, 0x1F, 0xFD, 0xFC, 0x3F, 0xF8, 0x96, 0x18,
    0x50, 0x76, 0x51, 0x0A, 0x88, 0x7F, 0xF0, 0x5A, 0x88, 0x3F, 0xF8, 0x1D,
    0x45, 0x06, 0x0F, 0xAB, 0xB6, 0xF5, 0x03, 0xFE, 0xB7, 0x4E, 0x0E, 0xDD,
    0x05, 0xBE, 0x78, 0x33, 0xA2, 0xBB, 0x3C, 0xF0, 0x6A, 0x25, 0xD4, 0x79,
    0xE0, 0xD4, 0x6B, 0xC7, 0x9E, 0x0D, 0x47, 0xAB, 0x86, 0x74, 0x35, 0x12,
    0x9C, 0xF4, 0x70, 0xEA, 0x8C, 0x84, 0x3F, 0xD5, 0x3C, 0x87, 0xFF, 0x02,
    0xAD, 0x03, 0x87, 0xFA, 0xA2, 0x83, 0x40, 0xFE, 0xA1, 0x46, 0xC3, 0xFE,
    0x8A, 0x32, 0x00, 0x50, 0xB6, 0x31, 0x09, 0x0F, 0xFE, 0x1D, 0xC1, 0xFF,
    0xC1, 0xB8, 0x83, 0xFE, 0xB4, 0xB8, 0x3F, 0xD8, 0x6F, 0x41, 0xFC, 0x88,
    0x23, 0x83, 0xF9, 0x10, 0x20, 0x83, 0xF9, 0x10, 0x31, 0x07, 0xF2, 0x21,
    0x44, 0x1F, 0xC8, 0x81, 0x88, 0x3F, 0x91, 0x12, 0xE0, 0xFE, 0x44, 0x2F,
    0x41, 0xFC, 0x88, 0x23, 0x83, 0xF9, 0x10, 0x28, 0x3F, 0xE4, 0x41, 0x40,
    0xFF, 0x92, 0xA0, 0xFF, 0xE0, 0xBC, 0x10, 0x50, 0xF5, 0xF1, 0x05, 0x7F,
    0x83, 0x35, 0xFE, 0xF0, 0x2A, 0x0F, 0xCA, 0x26, 0x81, 0xFD, 0x87, 0xFF,
    0x13, 0x68, 0x1F, 0xF6, 0xD0, 0x3F, 0xED, 0xA0, 0x7F, 0xDB, 0x40, 0xFF,
    0xB6, 0x81, 0xFF, 0x6D, 0x03, 0xFF, 0x9D, 0xB4, 0x0F, 0xFB, 0x68, 0x1F,
    0xF4, 0x75, 0xFC, 0x1A, 0x2B, 0xFB, 0x82, 0xAF, 0xF7, 0x00, 0x50, 0x7A,
    0x6F, 0x0E, 0x68, 0x94, 0x50, 0x79, 0xA2, 0xA8, 0xF4, 0x4A, 0x81, 0xD4,
    0x2A, 0x17, 0x1C, 0x70, 0x8B, 0xA0, 0x2E, 0x09, 0x0F, 0x44, 0x05, 0x48,
    0x7E, 0x56, 0xE1, 0xA1, 0x0F, 0x91, 0x60, 0x28, 0x50, 0x7D, 0x88, 0x81,
    0x76, 0x1F, 0x48, 0x30, 0xE6, 0x0F, 0xA1, 0x20, 0x2C, 0x21, 0xF4, 0x34,
    0x46, 0x58, 0x3D, 0x45, 0x50, 0x0C, 0x94, 0x0D, 0xD9, 0x57, 0x58, 0xF4,
    0x07, 0xBC, 0x1A, 0x0B, 0xEB, 0x3D, 0x5E, 0xF5, 0x7B, 0x30, 0x50, 0x76,
    0x51, 0x0F, 0x5A, 0x1F, 0xFC, 0x1A, 0x9B, 0x43, 0xFA, 0xB1, 0x6D, 0xA1,
    0xEF, 0x41, 0xD6, 0xD8, 0x75, 0xC1, 0xF5, 0xBC, 0x15, 0x70, 0x7D, 0x26,
    0x0E, 0x6A, 0x43, 0x35, 0x21, 0x54, 0x44, 0xA9, 0x88, 0x32, 0x3A, 0xAD,
    0x8A, 0x10, 0x23, 0x02, 0xC0, 0xA7, 0x84, 0x17, 0x26, 0x8D, 0xE5, 0x06,
    0xBB, 0x11, 0xE4, 0xB3, 0x48, 0x9C, 0xA9, 0x59, 0xD0, 0x26, 0xBB, 0x32,
    0x84, 0xA0, 0xD5, 0x2B, 0x95, 0x52, 0x1F, 0x4D, 0xD9, 0x40, 0xFF, 0xAF,
    0x90, 0xE0, 0x50, 0x76, 0x51, 0x2B, 0xFF, 0x82, 0x1E, 0xAF, 0xF8, 0x50,
    0x7F, 0xF0, 0xDF, 0x41, 0x97, 0xC1, 0x25, 0x90, 0x4B, 0xE0, 0xBD, 0x30,
    0x7F, 0xF0, 0x11, 0xA7, 0x06, 0x44, 0x36, 0x0B, 0x83, 0x22, 0x85, 0x5E,
    0x31, 0x0C, 0xB0, 0x13, 0x0B, 0x43, 0x97, 0xA3, 0x7D, 0x07, 0x97, 0xDD,
    0x30, 0xFC, 0xB0, 0x22, 0xF0, 0x7E, 0x58, 0x2B, 0xA0, 0x7F, 0xF0, 0x1A,
    0x18, 0x7F, 0x2E, 0x28, 0x87, 0xF9, 0x7C, 0x1F, 0xF5, 0x7F, 0xD8, 0x60,
    0x50, 0xB6, 0x31, 0x04, 0x87, 0xFF, 0x0B, 0x04, 0x1F, 0xFC, 0x0B, 0xBA,
    0x07, 0xFF, 0x0A, 0x9A, 0x1F, 0xFC, 0x2F, 0x21, 0xFF, 0xD3, 0xE0, 0xFF,
    0xA4, 0x3F, 0xF8, 0x98, 0x28, 0x1F, 0xFC, 0x0A, 0x03, 0x83, 0xFF, 0x81,
    0xA3, 0xC1, 0xA8, 0x1C, 0xE8, 0xF0, 0x22, 0x81, 0xD6, 0x8C, 0xD7, 0x83,
    0xAD, 0x03, 0x02, 0x9A, 0x1D, 0x10, 0x7A, 0xC3, 0xE6, 0xA4, 0x2B, 0x43,
    0xF5, 0x0A, 0xC8, 0x50, 0xBE, 0x0D, 0x0F, 0xFE, 0x23, 0x5F, 0xFC, 0x27,
    0xAF, 0xFE, 0x16, 0x0F, 0xEB, 0xBF, 0x07, 0xD2, 0x2F, 0x08, 0x7B, 0x45,
    0x07, 0xFF, 0x11, 0x0F, 0xA5, 0x08, 0x88, 0x14, 0x13, 0x5F, 0xF0, 0x6D,
    0x54, 0xDF, 0x14, 0x42, 0x87, 0x25, 0x41, 0x27, 0x7A, 0xCE, 0x38, 0x16,
    0xD7, 0xFF, 0x09, 0x50, 0xB6, 0x11, 0x1A, 0x21, 0xFF, 0x25, 0x09, 0x0C,
    0xE1, 0x68, 0x19, 0x92, 0x88, 0x5A, 0x1D, 0xD8, 0x20, 0x98, 0x26, 0x39,
    0x41, 0xCD, 0x4C, 0x9E, 0x43, 0xBC, 0x41, 0x30, 0xC1, 0x9E, 0x81, 0x21,
    0x50, 0x36, 0xD0, 0x3E, 0xA0, 0x4E, 0x92, 0x16, 0x0D, 0x0A, 0x98, 0x25,
    0x04, 0xE1, 0x91, 0x22, 0xC0, 0x87, 0x96, 0xE5, 0x7D, 0x07, 0xD8, 0x3F,
    0x41, 0x50, 0x90, 0x3C, 0x1E, 0x7A, 0x7D, 0x68, 0x7B, 0x55, 0x71, 0x86,
    0x50, 0x76, 0x51, 0x0F, 0xFE, 0x1A, 0x1F, 0xFC, 0x3B, 0x90, 0xFF, 0xE0,
    0x51, 0x04, 0x19, 0x75, 0x4D, 0x03, 0x20, 0x95, 0xB5, 0x22, 0x1B, 0x28,
    0x1F, 0xFC, 0xFF, 0xC2, 0x1F, 0xFD, 0x54, 0x3F, 0xF8, 0x7E, 0x84, 0xA0,
    0x7F, 0x61, 0xF5, 0xC7, 0x72, 0x21, 0xB0, 0xAE, 0x69, 0x92, 0x19, 0x09,
    0xCA, 0x6A, 0x90, 0x90, 0xFD, 0x07, 0x6A, 0x83, 0xB4, 0x3F, 0x50, 0x3C,
    0x95, 0x07, 0xF0, 0x50, 0x76, 0x71, 0x0F, 0xFE, 0x05, 0x03, 0xFF, 0x89,
    0xAB, 0x0F, 0xFE, 0x14, 0x1A, 0x0F, 0xF9, 0xA2, 0x12, 0x83, 0xF9, 0x20,
    0xF4, 0x1F, 0xA1, 0x06, 0x1C, 0x87, 0xA8, 0x20, 0x43, 0xA0, 0xEA, 0x3A,
    0x1F, 0xF5, 0x71, 0x06, 0x43, 0x9B, 0x2A, 0x43, 0xA0, 0xFB, 0x98, 0x3F,
    0x41, 0xB3, 0x10, 0xFE, 0x43, 0x63, 0x07, 0xFD, 0x84, 0xEF, 0x35, 0xEF,
    0x51, 0x58, 0x99, 0xD0, 0xF9, 0xCA, 0x82, 0x6A, 0x09, 0x68, 0xC3, 0xFF,
    0x81, 0x35, 0x28, 0x38, 0x50, 0xB6, 0x11, 0x0F, 0xAA, 0x0F, 0xFE, 0x02,
    0xE0, 0xFF, 0xEF, 0xB0, 0x50, 0x7F, 0x90, 0xFF, 0xE0, 0x54, 0xE0, 0x6B,
    0x20, 0x6A, 0x48, 0x8A, 0xB0, 0x61, 0xCE, 0x1D, 0x8E, 0x1F, 0xFC, 0x06,
    0xC5, 0x41, 0xE6, 0x50, 0x16, 0xEB, 0xC4, 0xA0, 0xE6, 0xBC, 0x87, 0xFF,
    0xA3, 0xAF, 0xFE, 0x10, 0x50, 0xB6, 0x11, 0x0F, 0x99, 0x0F, 0xF9, 0xC8,
    0x83, 0xF3, 0x1E, 0x99, 0x83, 0xAC, 0x2A, 0x95, 0x50, 0x3D, 0x42, 0x04,
    0x4C, 0x62, 0x43, 0x50, 0xC7, 0x90, 0x33, 0x15, 0x22, 0xC1, 0xCD, 0x40,
    0x83, 0xFE, 0xA7, 0x24, 0x1F, 0xF2, 0x37, 0x06, 0x43, 0xEA, 0x21, 0xE6,
    0x43, 0x21, 0xF9, 0xC3, 0xF9, 0x04, 0x42, 0x1E, 0x62, 0x03, 0x70, 0x74,
    0x48, 0x75, 0x62, 0x64, 0x3F, 0xA8, 0x48, 0x70, 0x50, 0x42, 0x6B, 0x64,
    0xAF, 0xFE, 0x10, 0xC8, 0x3A, 0xFF, 0x08, 0xC3, 0x08, 0x7D, 0x52, 0x31,
    0x8E, 0x87, 0x5C, 0xE2, 0x83, 0x72, 0x07, 0xC9, 0xA2, 0xD8, 0x3E, 0x63,
    0xC1, 0xF6, 0x94, 0x2E, 0x43, 0xFE, 0xA0, 0x50, 0x52, 0xB0, 0xEA, 0x07,
    0xF7, 0x90, 0x95, 0x07, 0xFB, 0x0F, 0x35, 0xFF, 0x78, 0x20, 0x51, 0x75,
    0x51, 0x2E, 0xB7, 0x99, 0x10, 0xE8, 0xBD, 0x57, 0x80, 0xA1, 0x42, 0x20,
    0xC1, 0x98, 0x65, 0x62, 0x83, 0x4F, 0x98, 0x34, 0xD1, 0x83, 0x4D, 0xB8,
    0x6D, 0xC3, 0xE9, 0x83, 0xFF, 0x9F, 0x34, 0x30, 0xDB, 0x64, 0x19, 0x02,
    0x20, 0xAF, 0xEC, 0x50, 0xB6, 0x11, 0x0C, 0xD7, 0xC1, 0xFB, 0xAF, 0xC1,
    0xFE, 0x58, 0x3E, 0x83, 0x96, 0x0D, 0x07, 0x9F, 0x5E, 0x0A, 0x81, 0xF9,
    0x0F, 0xDA, 0x12, 0x21, 0xD4, 0x34, 0x24, 0x43, 0xB4, 0x3D, 0x10, 0x73,
    0x87, 0xA2, 0x0E, 0x73, 0x43, 0xFE, 0xD3, 0x43, 0xFE, 0xA0, 0x7F, 0xF2,
    0x91, 0x0E, 0xA1, 0x06, 0x44, 0x3B, 0x0F, 0x3F, 0xC1, 0x21, 0xDD, 0x7E,
    0x08, 0x50, 0xB6, 0x31, 0x7F, 0xFF, 0x85, 0x10, 0x7F, 0xF0, 0x90, 0xD7,
    0xF2, 0x1F, 0xE4, 0x0A, 0x30, 0xFF, 0x94, 0x04, 0x3F, 0xE6, 0xB8, 0x3F,
    0xF8, 0xB0, 0x7F, 0xF0, 0x3A, 0x1C, 0xC1, 0xF9, 0x50, 0x87, 0xFF, 0x01,
    0x11, 0x51, 0x07, 0xF4, 0xC4, 0x21, 0xFF, 0xC2, 0x83, 0xFC, 0xBD, 0x07,
    0xFF, 0x02, 0xF4, 0x87, 0xFC, 0x8A, 0x06, 0x1F, 0xEB, 0xF9, 0x0F, 0xA0,
    0xFF, 0xE1, 0x20, 0x50, 0xB6, 0x31, 0x7F, 0xFF, 0x85, 0x10, 0x7F, 0xF0,
    0x90, 0xFF, 0xE9, 0x41, 0xFF, 0xC4, 0x50, 0x7F, 0xF0, 0x24, 0x3F, 0xF8,
    0x68, 0x7F, 0xF0, 0x60, 0xFF, 0xE2, 0x28, 0x3F, 0xF8, 0x10, 0x7F, 0xF1,
    0x14, 0x1F, 0xFF, 0x6D, 0x34, 0xD3, 0x43, 0xFF, 0x91, 0x07, 0xFF, 0x09,
    0x00, 0x50, 0x36, 0x91, 0x0F, 0xFE, 0x0A, 0x83, 0xFF, 0x84, 0xDF, 0x07,
    0xFC, 0xDF, 0xE9, 0x0F, 0x9B, 0x96, 0x3A, 0xF2, 0x14, 0x5F, 0x57, 0xF8,
    0x85, 0x75, 0xFF, 0xC2, 0xD5, 0xEA, 0xFF, 0xE2, 0x79, 0x1A, 0xC3, 0xEB,
    0xFC, 0x21, 0xFC, 0x98, 0x8A, 0x0E, 0x6B, 0x04, 0x88, 0x87, 0xCD, 0x60,
    0x2B, 0x5E, 0x0F, 0xF9, 0xA7, 0x5E, 0x0C, 0xFE, 0x03, 0xE1, 0x5E, 0x09,
    0x10, 0xF3, 0x4C, 0x7E, 0x10, 0xBF, 0x04, 0x84, 0xE8, 0x73, 0x58, 0x0B,
    0x40, 0x98, 0x15, 0xFF, 0x75, 0xBA, 0x80, 0x50, 0xB6, 0x31, 0x7F, 0xFF,
    0x85, 0x10, 0x7F, 0xF0, 0x94, 0x1F, 0xFC, 0x79, 0x0F, 0xA8, 0x1E, 0x6D,
    0x0A, 0xD5, 0x87, 0x69, 0x26, 0x84, 0x87, 0xA8, 0x08, 0x1B, 0x40, 0xF9,
    0xC4, 0xC9, 0x0F, 0xF4, 0x41, 0xFF, 0xC1, 0x40, 0x87, 0xFF, 0x06, 0x3A,
    0x12, 0x1F, 0x59, 0x0A, 0xDA, 0x07, 0x69, 0x26, 0x84, 0x87, 0x2B, 0x42,
    0xB5, 0x61, 0xD4, 0x0F, 0xA8, 0x1F, 0xFC, 0x98, 0x3F, 0xF8, 0x4A, 0x50,
    0xB6, 0x31, 0x17, 0xFF, 0x84, 0x0E, 0xBF, 0xF8, 0x58, 0x7F, 0xF1, 0x50,
    0xFF, 0x90, 0xFF, 0xE1, 0xB4, 0x0F, 0x9F, 0xF4, 0x30, 0x7A, 0x17, 0xC0,
    0xC3, 0xA3, 0xAF, 0x1A, 0x1F, 0xFC, 0x2C, 0x83, 0xAD, 0x83, 0xD2, 0x1E,
    0xA0, 0x79, 0x60, 0xE5, 0x0F, 0xF4, 0xC1, 0xCC, 0x3F, 0xE8, 0x3E, 0x60,
    0xFF, 0xE2, 0x30, 0x7F, 0xF3, 0xDE, 0xBF, 0xF8, 0x60, 0x50, 0xB6, 0x31,
    0x17, 0xFF, 0x84, 0x0E, 0xBF, 0xF8, 0x58, 0x7F, 0xF1, 0x50, 0xE4, 0x3F,
    0xF8, 0x4F, 0x83, 0xFF, 0x82, 0xC3, 0xFE, 0x83, 0xC8, 0x4B, 0xC2, 0x83,
    0xD8, 0xD7, 0x64, 0x1C, 0xAF, 0x07, 0x90, 0xF7, 0x08, 0x75, 0x30, 0xEC,
    0x83, 0x95, 0x87, 0x99, 0xFE, 0x81, 0x87, 0x9F, 0xF4, 0x38, 0x7F, 0xF0,
    0x55, 0x07, 0xFF, 0x0E, 0x0F, 0xFE, 0x4B, 0xD7, 0xFF, 0x0C, 0x50, 0xB6,
    0x11, 0x0F, 0x34, 0x43, 0xFD, 0x2A, 0x8A, 0x83, 0xCD, 0x10, 0xCD, 0x10,
    0xDE, 0x0E, 0x81, 0x68, 0x28, 0x21, 0x5A, 0x0B, 0x1C, 0x44, 0xA0, 0x76,
    0xE8, 0x3E, 0x83, 0xCE, 0x1D, 0x44, 0x18, 0x7F, 0xC8, 0x88, 0x7F, 0xF0,
    0x13, 0x43, 0xFD, 0x41, 0xC3, 0xDA, 0x0A, 0xC1, 0x21, 0x6E, 0x1D, 0x43,
    0x22, 0x4A, 0x07, 0x5A, 0xBE, 0x0B, 0x83, 0xA0, 0x72, 0x13, 0x44, 0x33,
    0x68, 0x7A, 0x55, 0x44, 0x84, 0x50, 0x76, 0x51, 0x0F, 0xF5, 0x70, 0x7E,
    0xF9, 0x2B, 0xC1, 0xE4, 0x2B, 0x4A, 0x14, 0x0F, 0xFA, 0xB8, 0x90, 0xC8,
    0x79, 0x8A, 0x18, 0x7F, 0xF0, 0x18, 0x3F, 0x28, 0x2D, 0x02, 0xA0, 0xF7,
    0x47, 0x24, 0x10, 0x30, 0x9C, 0x43, 0x21, 0x42, 0x16, 0x82, 0x84, 0x19,
    0x0D, 0x07, 0x51, 0x0E, 0x41, 0x58, 0x35, 0x03, 0xFE, 0xE0, 0xDA, 0x82,
    0x43, 0x9A, 0x2A, 0xB7, 0xC1, 0x50, 0x2B, 0x20, 0xFF, 0x50, 0x0E, 0x87,
    0xFF, 0x02, 0x61, 0x0F, 0xF0, 0x51, 0xB5, 0x31, 0x03, 0x52, 0x06, 0xF4,
    0x91, 0xD5, 0xAA, 0x88, 0x3D, 0x08, 0xAA, 0xE0, 0x9A, 0xE4, 0x3F, 0xF8,
    0x50, 0x7D, 0x28, 0x3D, 0x44, 0x3E, 0x43, 0xFF, 0xAD, 0x44, 0x2E, 0x28,
    0xAA, 0x33, 0x51, 0x00, 0x50, 0xB6, 0x31, 0x0F, 0xFE, 0x4D, 0x03, 0xFF,
    0x89, 0x40, 0xFF, 0xE1, 0x56, 0x28, 0x1F, 0x68, 0x2A, 0xE9, 0x87, 0x50,
    0x41, 0x78, 0x83, 0xD6, 0x04, 0xB2, 0xE8, 0x1D, 0x60, 0xE2, 0xD4, 0x1F,
    0x5F, 0x16, 0x82, 0x43, 0xE8, 0xB4, 0x36, 0x1C, 0xE5, 0xA1, 0xE4, 0x33,
    0xCA, 0x0F, 0x58, 0x75, 0x39, 0x0E, 0x50, 0x7E, 0x8A, 0x22, 0x70, 0x7E,
    0x69, 0xDA, 0x50, 0x3F, 0xD4, 0xE2, 0xC3, 0xFF, 0x80, 0xD3, 0x40, 0x50,
    0xB6, 0x31, 0x0D, 0x50, 0x7F, 0xF0, 0x26, 0xB8, 0x3F, 0xA8, 0xA0, 0x54,
    0x1F, 0x38, 0xA0, 0xDA, 0x1E, 0xD9, 0x0E, 0x70, 0xFF, 0xF6, 0xEC, 0x1E,
    0x70, 0xF3, 0x87, 0xD2, 0x1F, 0x51, 0x0A, 0x87, 0x21, 0xE8, 0xAE, 0x7B,
    0x43, 0xCD, 0x40, 0xA1, 0x68, 0x7F, 0xF0, 0x28, 0x42, 0x1F, 0xFC, 0x0A,
    0x08, 0x87, 0xFF, 0x02, 0x83, 0x87, 0xFF, 0x06, 0xB0, 0x50, 0xB6, 0x11,
    0x0C, 0xD0, 0x3F, 0xF8, 0x1C, 0xAD, 0x1A, 0x21, 0xA3, 0xE6, 0x85, 0x18,
    0x25, 0x05, 0x1A, 0xA2, 0x81, 0x61, 0xC9, 0xD0, 0x3F, 0xF8, 0x3D, 0x03,
    0xAB, 0x82, 0x60, 0xA4, 0xAE, 0x20, 0xCE, 0x9A, 0x1B, 0x20, 0x3A, 0xEA,
    0xF6, 0x28, 0x82, 0x6B, 0xC8, 0x50, 0x7D, 0xC1, 0xE4, 0x3F, 0xFA, 0x78,
    0x7C, 0x86, 0xF1, 0x83, 0x90, 0x50, 0x0F, 0xA8, 0x06, 0x2B, 0x92, 0x70,
    0x80, 0x50, 0xB6, 0x31, 0x0F, 0xE6, 0x88, 0x7F, 0xF0, 0x22, 0x8D, 0x03,
    0xFA, 0x88, 0x57, 0x07, 0xD4, 0x0A, 0x82, 0x1F, 0xFC, 0x0A, 0xC4, 0x87,
    0xFF, 0x07, 0x06, 0x1F, 0xEA, 0x28, 0x3F, 0xF8, 0x52, 0x06, 0x0E, 0xA2,
    0x1F, 0x61, 0xD4, 0x43, 0xCD, 0x03, 0x51, 0x15, 0x58, 0x83, 0x51, 0x05,
    0xD6, 0x43, 0x51, 0x1E, 0x81, 0xFA, 0x89, 0xD8, 0x7F, 0xCB, 0x12, 0x1F,
    0xE5, 0x0E, 0x1F, 0xFC, 0x06, 0x9A, 0x1F, 0xFC, 0x00, 0x51, 0x35, 0x91,
    0x0E, 0x50, 0x7E, 0x7A, 0x68, 0x7A, 0x7C, 0xC1, 0xC9, 0x02, 0x10, 0xFF,
    0xE8, 0x65, 0x63, 0x03, 0x02, 0xB0, 0x27, 0x3C, 0x1B, 0xC6, 0x45, 0x78,
    0x82, 0x6B, 0xC8, 0x7D, 0xE0, 0xFF, 0xE5, 0x21, 0xFF, 0xC0, 0x43, 0xA8,
    0x82, 0x80, 0x68, 0x43, 0x59, 0x20, 0x51, 0x35, 0x91, 0x0E, 0x50, 0x7E,
    0x7A, 0x70, 0x7A, 0x7D, 0x28, 0x32, 0x40, 0x4C, 0x3F, 0xC8, 0x7F, 0xD4,
    0x0D, 0x95, 0xC8, 0x18, 0x15, 0xB2, 0x73, 0xC1, 0xF6, 0x45, 0x76, 0x41,
    0x35, 0xE4, 0x3E, 0xF0, 0x7F, 0xF2, 0x90, 0xFF, 0xE0, 0x21, 0xD4, 0x41,
    0x40, 0x34, 0x21, 0xAC, 0x90, 0x50, 0xB6, 0x31, 0x0F, 0x98, 0x3F, 0xF8,
    0x49, 0x40, 0xFF, 0xE9, 0xD8, 0x7F, 0xF0, 0x19, 0xF4, 0xC1, 0xFD, 0xC8,
    0x4E, 0x87, 0xD5, 0x21, 0x9C, 0x3F, 0xB0, 0xF6, 0x87, 0xB1, 0x0F, 0x21,
    0xE4, 0x3F, 0xD8, 0x79, 0x0F, 0xFE, 0x1E, 0xD7, 0x90, 0x61, 0xAD, 0xAF,
    0x20, 0x60, 0x39, 0x4F, 0xF5, 0x1E, 0x2A, 0x50, 0xFC, 0x2A, 0x89, 0x87,
    0x20, 0x83, 0xA0, 0x7A, 0x8A, 0xA0, 0xAB, 0xC8, 0x50, 0xB6, 0x11, 0x0F,
    0x34, 0x43, 0xFD, 0x2A, 0x8A, 0x83, 0xCD, 0x11, 0x86, 0x88, 0x6F, 0x05,
    0xD0, 0x16, 0x82, 0x82, 0x24, 0x1A, 0xC7, 0x12, 0x2B, 0x05, 0xBA, 0x04,
    0x3B, 0x40, 0xE1, 0xD8, 0x81, 0xC3, 0xF2, 0xC2, 0x1F, 0xF6, 0x04, 0x4C,
    0x3E, 0x76, 0x9D, 0x08, 0x2D, 0x2A, 0x68, 0xA9, 0x06, 0xE6, 0x82, 0x88,
    0xA2, 0x4A, 0x17, 0xA9, 0xEB, 0xE0, 0xB8, 0x3F, 0x72, 0x13, 0x44, 0x33,
    0x68, 0x7A, 0x55, 0x44, 0x84, 0x50, 0x76, 0x51, 0x0F, 0xFE, 0x3B, 0x87,
    0xFF, 0x11, 0xF0, 0xE8, 0x7F, 0xD0, 0xE7, 0x83, 0xFE, 0xF2, 0x25, 0x03,
    0xFC, 0xAD, 0x92, 0x81, 0xFD, 0xC6, 0x1A, 0x81, 0xFA, 0x46, 0x42, 0xA0,
    0x7C, 0xE1, 0xFA, 0xA0, 0xF5, 0x03, 0x58, 0x2E, 0x0F, 0x70, 0x5C, 0x13,
    0xE4, 0x33, 0xA0, 0x50, 0x28, 0x68, 0x72, 0x41, 0xAA, 0x43, 0xF3, 0xC1,
    0xFF, 0xC4, 0x68, 0x87, 0xFF, 0x12, 0x24, 0x3F, 0xF8, 0x6D, 0x03, 0xC0,
    0x50, 0xB6, 0x31, 0x0F, 0xF3, 0x40, 0xFF, 0xE0, 0xCD, 0x18, 0x3F, 0xD4,
    0x28, 0xE8, 0x7E, 0xA3, 0x59, 0xC3, 0xEA, 0x3C, 0x0A, 0x07, 0xD4, 0x68,
    0x1B, 0x0F, 0x40, 0xF4, 0x82, 0x43, 0xA8, 0x2A, 0x9B, 0x58, 0x2A, 0x01,
    0x5B, 0x5B, 0x0A, 0x8C, 0x0F, 0x85, 0x68, 0x28, 0xF5, 0x3E, 0x11, 0x0E,
    0xE0, 0x53, 0x68, 0x87, 0xFF, 0x02, 0x74, 0x3F, 0xEA, 0x22, 0x1E, 0xD9,
    0x99, 0xD0, 0xF9, 0x26, 0x62, 0x0F, 0xE6, 0xB9, 0x0F, 0xE0, 0x50, 0xB6,
    0x31, 0x0F, 0x34, 0x43, 0xFE, 0x95, 0x45, 0x41, 0xF3, 0x44, 0x33, 0x44,
    0x3B, 0x83, 0xF4, 0x21, 0x50, 0x26, 0xA0, 0x9C, 0x0E, 0x17, 0x2D, 0x85,
    0x26, 0x82, 0x0F, 0x61, 0x61, 0xC8, 0x7C, 0x87, 0xFF, 0x79, 0x0F, 0x90,
    0xDA, 0x08, 0x3D, 0x05, 0x8E, 0x16, 0x81, 0xD0, 0x48, 0x38, 0x2B, 0xD0,
    0x4E, 0x13, 0xC1, 0xFA, 0x10, 0xCD, 0x10, 0xCD, 0xA1, 0xF4, 0xAA, 0x89,
    0x0C, 0x50, 0xB6, 0x31, 0x2B, 0xFF, 0x84, 0x9A, 0xFF, 0xF0, 0xA4, 0x3F,
    0xF9, 0x52, 0x1F, 0xFC, 0x29, 0xC3, 0xFF, 0x83, 0xA3, 0xFF, 0x07, 0x90,
    0xFF, 0xE2, 0x49, 0x7F, 0xC1, 0xF4, 0x87, 0xFF, 0x12, 0x43, 0xFF, 0xA2,
    0x84, 0x81, 0x41, 0xF3, 0xE1, 0x9B, 0x1A, 0x07, 0x20, 0xEC, 0x91, 0x41,
    0xC8, 0xB1, 0xE8, 0x64, 0x26, 0xDC, 0x9E, 0x65, 0x03, 0x5F, 0xFE, 0x20,
    0x50, 0xF5, 0xD1, 0x0F, 0x21, 0xFF, 0xC1, 0xB8, 0x3F, 0xE4, 0x50, 0x7F,
    0xF0, 0x60, 0xFF, 0x21, 0xFF, 0xC0, 0x83, 0x21, 0xD8, 0xA2, 0x44, 0x32,
    0x08, 0x94, 0x1E, 0x88, 0x50, 0x72, 0x19, 0x30, 0xDE, 0x83, 0xFB, 0x0C,
    0x86, 0xA0, 0x50, 0x7E, 0x70, 0x94, 0x1A, 0x0F, 0xF9, 0x10, 0xFC, 0x90,
    0x5B, 0xA1, 0x64, 0x86, 0xA7, 0xD4, 0xD0, 0x00, 0x50, 0xB6, 0x31, 0x0E,
    0x43, 0xFF, 0x85, 0xEB, 0x0F, 0xFE, 0x07, 0x05, 0x07, 0xFB, 0xAB, 0x74,
    0x3F, 0x4F, 0x95, 0xB8, 0x7E, 0x56, 0x0D, 0x0F, 0xFE, 0x0B, 0x40, 0xA0,
    0xFA, 0x32, 0x03, 0xD0, 0x3C, 0xE1, 0xA0, 0x34, 0x0F, 0xA2, 0xE4, 0xF5,
    0x03, 0xE6, 0xA1, 0xC6, 0x81, 0xF9, 0xA0, 0xE9, 0x40, 0xFE, 0xA0, 0x75,
    0x03, 0xFA, 0x81, 0xFF, 0xC4, 0xA0, 0x7F, 0xF1, 0x28, 0x0B, 0x0F, 0xFE,
    0x05, 0x64, 0x50, 0xB6, 0x11, 0x03, 0x44, 0x3F, 0xF8, 0x15, 0x10, 0x7F,
    0xDC, 0xAD, 0x0F, 0xC8, 0x2C, 0x70, 0xFD, 0xCD, 0x87, 0xFF, 0x02, 0x34,
    0x3F, 0xEA, 0x28, 0x32, 0x1F, 0xAB, 0x8B, 0x43, 0xF5, 0x71, 0x68, 0x7F,
    0xDC, 0x42, 0x1F, 0xE7, 0x44, 0x83, 0xFC, 0x88, 0xF0, 0x7F, 0x9C, 0x0F,
    0x07, 0xFA, 0x80, 0x78, 0x3F, 0xD4, 0x30, 0xFF, 0xE0, 0xD3, 0x43, 0xFF,
    0x83, 0x58, 0x50, 0x76, 0x51, 0x0F, 0xCC, 0x87, 0xFF, 0x06, 0x57, 0x83,
    0xFF, 0x81, 0x46, 0x20, 0xFF, 0xA8, 0x12, 0x1F, 0xFC, 0x4C, 0x3F, 0xEA,
    0x60, 0xA2, 0x1F, 0xD5, 0x14, 0x71, 0x0F, 0xFE, 0x07, 0x73, 0xA1, 0xF5,
    0x0D, 0x06, 0xDA, 0x1F, 0x54, 0x13, 0xB6, 0x87, 0xD0, 0x75, 0x96, 0x1F,
    0xFC, 0x2A, 0x14, 0x0F, 0xFE, 0x15, 0x0A, 0x07, 0xFF, 0x0B, 0x8A, 0x07,
    0xFF, 0x05, 0xD2, 0x81, 0xFF, 0xC1, 0x71, 0x0F, 0xFE, 0x1D, 0x08, 0x50,
    0xB6, 0x31, 0x0E, 0x58, 0x3F, 0xF8, 0x0C, 0x0A, 0x07, 0xF9, 0xE5, 0x5A,
    0x1F, 0x9E, 0x04, 0x1F, 0xE7, 0x80, 0xFC, 0x87, 0xDC, 0x04, 0x64, 0x3F,
    0xE4, 0x48, 0x80, 0x86, 0x6A, 0x4B, 0x8D, 0xF0, 0x51, 0x75, 0x08, 0xAF,
    0x40, 0x7A, 0x01, 0x68, 0x10, 0x73, 0x58, 0x9A, 0xE0, 0xFE, 0xF3, 0x53,
    0x87, 0xF9, 0x54, 0x18, 0x43, 0xF4, 0x81, 0xD3, 0x0F, 0xA0, 0x7A, 0xAF,
    0x07, 0xE8, 0x7D, 0x03, 0x0F, 0xE4, 0x2A, 0x10, 0x50, 0x76, 0x51, 0x02,
    0x83, 0xFF, 0x86, 0xD4, 0x1F, 0xFC, 0x29, 0x18, 0x3F, 0xF8, 0x2A, 0x02,
    0x83, 0xFF, 0x81, 0x21, 0x48, 0x7F, 0xF0, 0x24, 0x0C, 0x1F, 0xFC, 0x19,
    0x1A, 0x07, 0xFF, 0x06, 0x89, 0x40, 0xFF, 0xE0, 0xB6, 0x50, 0x3F, 0xF8,
    0x34, 0x05, 0x03, 0xFF, 0x8B, 0x40, 0xFF, 0xA8, 0x1A, 0x81, 0xFF, 0x50,
    0x35, 0x03, 0xFE, 0xA2, 0x15, 0x03, 0xFE, 0x88, 0x2D, 0x0F, 0xF9, 0x99,
    0x58, 0x7F, 0xF0, 0x58, 0x84, 0x50, 0xF5, 0xF1, 0x0F, 0xD2, 0x1F, 0xFC,
    0x3C, 0x3F, 0xCD, 0xA8, 0x3F, 0xEB, 0xD0, 0x7F, 0x49, 0x21, 0xFC, 0xE0,
    0x90, 0xFE, 0x80, 0xD3, 0x43, 0xCA, 0x23, 0xF0, 0x7A, 0x1A, 0x60, 0x90,
    0xED, 0xB8, 0x36, 0x1A, 0x28, 0xA0, 0xFE, 0xF8, 0x87, 0x0F, 0x5D, 0xE6,
    0x10, 0xF4, 0xCD, 0xF2, 0x0C, 0x14, 0x1B, 0xBE, 0x07, 0x02, 0xEA, 0x22,
    0x05, 0xA5, 0x7D, 0xD6, 0xD0, 0x50, 0x76, 0x71, 0x19, 0x0F, 0xFE, 0x24,
    0x72, 0x1F, 0xFC, 0x1A, 0x7A, 0x74, 0x3F, 0xE5, 0x68, 0x12, 0x81, 0xFC,
    0xC1, 0xB6, 0xB2, 0x1E, 0x80, 0x92, 0x15, 0x09, 0x0E, 0xA2, 0xB9, 0x19,
    0x54, 0x68, 0x1C, 0xA9, 0xF9, 0x1B, 0x43, 0xFC, 0xAE, 0xAF, 0x41, 0xFF,
    0xC1, 0xA7, 0x24, 0x1F, 0xE7, 0x43, 0x21, 0xFD, 0x41, 0xC3, 0xFF, 0x8D,
    0x40, 0xFF, 0xE0, 0x50, 0x3F, 0xF8, 0x8E, 0x1D, 0x40, 0xFF, 0x28, 0x3D,
    0x87, 0xFF, 0x0B, 0x09, 0x0E, 0x50, 0xB6, 0x31, 0x0F, 0x34, 0x43, 0xFE,
    0xB6, 0x1E, 0x0F, 0x9A, 0x21, 0x9A, 0x21, 0xD8, 0x7F, 0x51, 0x0A, 0x81,
    0xFE, 0x70, 0x38, 0x7F, 0xF0, 0x24, 0xD0, 0xFF, 0xE0, 0xE1, 0xFF, 0xF9,
    0xD0, 0xFF, 0xE0, 0xE3, 0x87, 0xFF, 0x02, 0x41, 0xC1, 0xFE, 0x70, 0x9C,
    0x3F, 0xA5, 0x06, 0x68, 0x86, 0x6E, 0x0F, 0xAD, 0x8A, 0x90, 0xC0, 0x50,
    0xB6, 0x31, 0x0E, 0x6F, 0x48, 0x7F, 0x3F, 0xF9, 0x0F, 0x37, 0x20, 0x6F,
    0x41, 0x9B, 0x10, 0x21, 0x44, 0x15, 0x81, 0x02, 0x1A, 0x40, 0xA1, 0x0C,
    0x84, 0x94, 0x38, 0x43, 0xF2, 0x28, 0x43, 0xEC, 0x3F, 0xD0, 0x69, 0xA0,
    0x21, 0x0A, 0x0D, 0x74, 0x04, 0x22, 0x83, 0xFF, 0x87, 0xE1, 0x0F, 0xC8,
    0xA1, 0x42, 0x1F, 0x92, 0x80, 0xB0, 0x41, 0x90, 0x48, 0x4D, 0x90, 0x11,
    0x22, 0x0C, 0xDC, 0x8A, 0xBD, 0x07, 0x9F, 0xFC, 0x86, 0x51, 0xB5, 0x11,
    0x0F, 0xFA, 0x43, 0x9B, 0x0E, 0xC9, 0x0F, 0xB0, 0xDE, 0xA0, 0x50, 0x90,
    0x77, 0x50, 0x3C, 0x86, 0x50, 0xC6, 0x16, 0x88, 0x83, 0x0A, 0x57, 0x03,
    0x40, 0x83, 0x0F, 0x98, 0x3F, 0xE9, 0xA3, 0x00, 0x50, 0x86, 0x29, 0x0D,
    0x5F, 0x90, 0xF5, 0x7F, 0x8A, 0x05, 0x50, 0x17, 0x01, 0xA8, 0xA0, 0xFA,
    0xB7, 0xA0, 0x68, 0x28, 0x1F, 0x9C, 0x70, 0x21, 0xFF, 0x4F, 0x52, 0x1F,
    0xCF, 0x92, 0xCA, 0x96, 0xA8, 0x10, 0x54, 0x3C, 0x17, 0x89, 0x00, 0x50,
    0xB6, 0x31, 0x0F, 0xFE, 0x0A, 0xC1, 0xFF, 0xC1, 0x6B, 0x75, 0xFF, 0x6B,
    0x0D, 0x70, 0xB7, 0x5C, 0x35, 0xC8, 0x5D, 0x70, 0xFA, 0xAF, 0xD5, 0xE1,
    0xA6, 0x1F, 0xFC, 0x25, 0xAB, 0xFF, 0x80, 0x35, 0xFF, 0xC3, 0x0F, 0xFF,
    0xF8, 0x7F, 0xF8, 0xAB, 0xFF, 0x87, 0x80, 0x50, 0xB6, 0x31, 0x0F, 0xFE,
    0x05, 0x10, 0xCB, 0xAF, 0x99, 0x58, 0x52, 0xF0, 0x6B, 0xC1, 0x9F, 0xA5,
    0xDD, 0x48, 0x10, 0xD5, 0xFE, 0x0C, 0xB5, 0x7F, 0x69, 0xD7, 0xFF, 0x0B,
    0x1A, 0xFF, 0xE1, 0x23, 0xD7, 0xFF, 0x05, 0x0F, 0xFE, 0x65, 0x64, 0x3F,
    0xF8, 0x35, 0x61, 0xFF, 0xC0, 0x6A, 0x0F, 0xFE, 0x0F, 0x58, 0x3F, 0xFB,
    0xB5, 0xFF, 0xC2, 0x00, 0x50, 0xB6, 0x11, 0x6B, 0xFF, 0x87, 0xD7, 0xFF,
    0x08, 0x2E, 0xBF, 0xD8, 0x66, 0xB7, 0xAB, 0x21, 0xFD, 0x90, 0x7F, 0xF0,
    0xBC, 0x1F, 0xFC, 0x15, 0x07, 0xFF, 0x0B, 0x90, 0xFC, 0xD7, 0x75, 0x90,
    0xCD, 0x7F, 0x90, 0xFE, 0xE8, 0x1F, 0xFC, 0x17, 0xC1, 0xFF, 0xC1, 0x60,
    0xFF, 0xE1, 0x72, 0x1F, 0x9A, 0xEE, 0xB2, 0x1B, 0xAF, 0xF6, 0x0E, 0xBF,
    0xF8, 0x40, 0x50, 0xF5, 0xF1, 0x09, 0xAB, 0xA9, 0x09, 0xFA, 0x06, 0x0A,
    0x71, 0x44, 0x40, 0x81, 0x6E, 0x69, 0xD3, 0xA7, 0x4E, 0xE7, 0x9E, 0x9C,
    0xF2, 0x80, 0xAD, 0x34, 0xD4, 0x13, 0x75, 0x35, 0xB0, 0x9B, 0xD7, 0xAF,
    0x53, 0x06, 0x04, 0x3F, 0x21, 0x7A, 0x9E, 0xBD, 0x21, 0x37, 0xAF, 0x5E,
    0x90, 0xFF, 0xE1, 0x21, 0x9F, 0x5E, 0xBD, 0x07, 0xBD, 0x7A, 0xF5, 0x86,
    0xD4, 0x1C, 0xB0, 0x64, 0x95, 0xAA, 0x43, 0xDE, 0x96, 0xB8, 0x20, 0x50,
    0xF5, 0xD1, 0x09, 0x44, 0x28, 0x90, 0x31, 0xFC, 0x7C, 0xC1, 0x68, 0xE2,
    0x78, 0x58, 0x50, 0x17, 0x05, 0x8E, 0x49, 0x81, 0x17, 0xFF, 0x80, 0x05,
    0xFF, 0xE0, 0x01, 0x7F, 0xF8, 0x00, 0x5F, 0xFE, 0x00, 0x7F, 0xF1, 0x17,
    0xFF, 0x80, 0x05, 0xFF, 0xE0, 0x01, 0x7F, 0x5F, 0x01, 0x7F, 0x74, 0x11,
    0x7F, 0x6F, 0x80, 0xBF, 0xBD, 0x03, 0xA7, 0xFA, 0x69, 0x80, 0x50, 0xB6,
    0x31, 0x0C, 0xD4, 0x87, 0xFA, 0x8D, 0x44, 0x87, 0xD5, 0x06, 0x61, 0x0E,
    0x70, 0xFC, 0xE1, 0xDA, 0x1F, 0xFF, 0x0A, 0x07, 0xFF, 0x1A, 0xCC, 0x3F,
    0xF8, 0x36, 0x30, 0x7F, 0x78, 0xB4, 0xA0, 0x7E, 0xF1, 0xE4, 0x1A, 0x1F,
    0xF6, 0x12, 0x1E, 0x55, 0x07, 0x0C, 0xC1, 0xB6, 0x0F, 0xFE, 0x7D, 0x6C,
    0x3E, 0x50, 0x3A, 0x8F, 0x02, 0x83, 0xCD, 0x4A, 0x0F, 0x65, 0xD3, 0x8A,
    0x91, 0x90, 0xCC, 0x2D, 0x21, 0x95, 0xA1, 0xEA, 0x07, 0xD0, 0x30, 0xCF,
    0xA0, 0x62, 0x5A, 0xA4, 0x3E, 0xC9, 0x56, 0x82, 0x43, 0x90, 0x79, 0x30,
    0xF6, 0x87, 0xCC, 0x12, 0x19, 0x30, 0xEE, 0xC0, 0xBA, 0x04, 0x61, 0xE4,
    0xE5, 0x01, 0xE0, 0xFB, 0x02, 0x14, 0x40, 0x6A, 0x40, 0xA0, 0xD0, 0x20,
    0xD8, 0x30, 0x61, 0xA0, 0x90, 0xCC, 0x19, 0x41, 0x21, 0x36, 0xAE, 0x82,
    0x62, 0xAB, 0x72, 0x81, 0x59, 0x50, 0xB6, 0x31, 0x6B, 0xFF, 0x86, 0x4B,
    0xFF, 0x6B, 0x83, 0xFF, 0x80, 0xC8, 0x7F, 0xF0, 0x61, 0x83, 0xFF, 0x80,
    0x8A, 0xC3, 0xFF, 0x80, 0xF4, 0x0F, 0xFE, 0x0B, 0x07, 0xFF, 0x15, 0x0F,
    0xFE, 0x16, 0x21, 0xFF, 0xC0, 0x65, 0x07, 0xFF, 0x06, 0x4C, 0x3F, 0xD4,
    0xC0, 0xA0, 0xFC, 0xE8, 0x2A, 0x0F, 0xCD, 0x0E, 0x50, 0x7F, 0xF0, 0x35,
    0x07, 0xFC, 0xB0, 0x7F, 0xF0, 0x10, 0x41, 0xFF, 0xC0, 0x40, 0x50, 0xB6,
    0x31, 0x0F, 0x34, 0x43, 0xFE, 0x95, 0x45, 0x48, 0x79, 0xA2, 0x19, 0xB4,
    0x33, 0xC1, 0xFA, 0x10, 0xB8, 0x3F, 0xCE, 0x07, 0x0F, 0xFE, 0x04, 0x9A,
    0x14, 0x85, 0x21, 0x61, 0xCC, 0x13, 0x28, 0x3F, 0x22, 0x04, 0x08, 0x7F,
    0xF3, 0x25, 0xFF, 0x05, 0xA0, 0xA7, 0xEA, 0x93, 0x1C, 0x91, 0x02, 0x08,
    0x90, 0x71, 0x47, 0xD3, 0xAB, 0x09, 0xE1, 0x96, 0x84, 0x43, 0x34, 0x43,
    0x30, 0x87, 0xD3, 0x58, 0x90, 0xC0, 0x50, 0xB6, 0x31, 0x0F, 0x34, 0x43,
    0xFE, 0x95, 0x45, 0x48, 0x79, 0xA2, 0x19, 0xB4, 0x33, 0xC1, 0xFA, 0x10,
    0xB8, 0x3F, 0xCE, 0x07, 0x0F, 0xFE, 0x04, 0x9A, 0x1F, 0xFC, 0x1C, 0x32,
    0x83, 0xCA, 0x0F, 0x92, 0x0D, 0x08, 0x7E, 0xC4, 0x09, 0x87, 0xE6, 0x88,
    0x1A, 0x21, 0xB4, 0x43, 0xF2, 0x0C, 0x70, 0x45, 0x1C, 0x81, 0x20, 0xE2,
    0xAC, 0xE8, 0x38, 0x4F, 0x10, 0xA2, 0x11, 0x0C, 0xD1, 0x0C, 0xC2, 0x1F,
    0x4D, 0x62, 0x43, 0x00, 0x50, 0xB6, 0x31, 0x0F, 0x34, 0x43, 0xFE, 0x95,
    0x45, 0x48, 0x79, 0xA2, 0x19, 0xB4, 0x33, 0xC2, 0x1E, 0x84, 0x2E, 0x60,
    0xF4, 0xAC, 0x0E, 0x32, 0x1D, 0x24, 0x9A, 0x1F, 0xFC, 0x1C, 0x3D, 0xC1,
    0x70, 0x7F, 0xF3, 0xF8, 0x2E, 0x0F, 0xFE, 0x56, 0x87, 0x32, 0x1D, 0x8E,
    0x13, 0x31, 0x05, 0x20, 0xE0, 0x30, 0x18, 0x0E, 0x13, 0xC1, 0xF9, 0x10,
    0xCD, 0x10, 0xCC, 0x21, 0xF4, 0xD6, 0x24, 0x30, 0x50, 0xB6, 0x31, 0x0F,
    0x34, 0x43, 0xFE, 0x95, 0x45, 0x48, 0x79, 0x8C, 0x33, 0x68, 0x67, 0xD5,
    0x07, 0x42, 0x17, 0x61, 0xFC, 0xE0, 0x76, 0x56, 0x1F, 0x49, 0xAE, 0x10,
    0xFD, 0x86, 0x44, 0x3F, 0xF8, 0x74, 0x0C, 0xC1, 0xFD, 0x38, 0x18, 0x3F,
    0xF8, 0x08, 0x10, 0xFB, 0x42, 0xE0, 0xB8, 0x2C, 0x70, 0xCD, 0x41, 0xA4,
    0x1C, 0x04, 0xAC, 0x07, 0x09, 0xE1, 0x41, 0x42, 0x21, 0x9A, 0x21, 0x98,
    0x43, 0xE9, 0xAC, 0x48, 0x60, 0x50, 0xB6, 0x31, 0x0F, 0x34, 0x43, 0xFE,
    0xA1, 0x7A, 0x81, 0xF3, 0xF0, 0x5F, 0x48, 0x67, 0xBC, 0x1B, 0xC6, 0x85,
    0xF1, 0x86, 0xF0, 0x30, 0x39, 0xE1, 0x0E, 0xF9, 0x35, 0xE0, 0x2F, 0xD8,
    0x75, 0x86, 0xF0, 0x7F, 0xF1, 0x10, 0xFE, 0xB0, 0xDC, 0x1F, 0xFC, 0xAD,
    0x0C, 0xFA, 0x0E, 0xC7, 0x09, 0x80, 0xC1, 0x48, 0x38, 0x3F, 0xCE, 0x13,
    0xC3, 0xFA, 0x11, 0x0C, 0xD1, 0x0C, 0xC2, 0x1F, 0x4D, 0x62, 0x43, 0x00,
    0x50, 0xB6, 0x31, 0x0F, 0x34, 0x43, 0xFE, 0x95, 0x45, 0x48, 0x79, 0xA2,
    0x19, 0xB4, 0x33, 0xC0, 0x82, 0x48, 0x42, 0xE1, 0xA0, 0x68, 0x70, 0x38,
    0x18, 0x33, 0x02, 0x4D, 0x0D, 0x01, 0x0E, 0xC3, 0xAA, 0x03, 0x44, 0x3F,
    0x50, 0x35, 0x10, 0xFF, 0x2E, 0x0F, 0xFE, 0x02, 0xFC, 0x1D, 0xA0, 0xA7,
    0xEA, 0x05, 0x8E, 0x04, 0x3E, 0x49, 0x07, 0x0A, 0xBD, 0x22, 0xB0, 0x9E,
    0xA4, 0x0D, 0xA2, 0x19, 0xA2, 0x19, 0x84, 0x3E, 0x9A, 0xC4, 0x86, 0x50,
    0xB6, 0x31, 0x0F, 0x34, 0x43, 0xFE, 0x95, 0x45, 0x48, 0x79, 0xA2, 0x19,
    0xB4, 0x33, 0xC2, 0x82, 0x88, 0x42, 0xE2, 0x50, 0x52, 0xD8, 0x1C, 0x10,
    0x79, 0x44, 0x9A, 0x0A, 0x06, 0x64, 0x18, 0x74, 0x20, 0x7C, 0x87, 0xE6,
    0x40, 0xC2, 0x1F, 0x91, 0x70, 0xA0, 0xFE, 0x5F, 0x83, 0xB4, 0x14, 0xFD,
    0x40, 0xB1, 0xC0, 0x87, 0xC9, 0x20, 0xE1, 0x57, 0xA4, 0x56, 0x13, 0xD4,
    0x81, 0xB4, 0x43, 0x34, 0x43, 0x30, 0x87, 0xD3, 0x58, 0x90, 0xC0, 0x50,
    0xB6, 0x31, 0x0F, 0x35, 0x21, 0xFE, 0x6F, 0xEA, 0x07, 0xD1, 0xE0, 0xBF,
    0x07, 0x78, 0x3F, 0x36, 0x12, 0xDE, 0x0E, 0xE1, 0x81, 0x77, 0x83, 0xAF,
    0x80, 0xCC, 0xBF, 0x0C, 0xC8, 0xA0, 0x70, 0x56, 0x1B, 0xD4, 0x0F, 0xFE,
    0x16, 0x71, 0xC1, 0x58, 0x77, 0x1A, 0x1F, 0xF6, 0x13, 0x8F, 0xD0, 0x69,
    0x0F, 0x41, 0x28, 0x3F, 0x21, 0x90, 0x20, 0xA1, 0x35, 0x1E, 0xBC, 0x0A,
    0x04, 0xDD, 0x10, 0xD5, 0x07, 0xD4, 0x2A, 0x68, 0x18, 0x50, 0xB6, 0x31,
    0x0F, 0x34, 0x50, 0x4A, 0x0E, 0x95, 0x44, 0x33, 0x84, 0xD1, 0x0C, 0xA8,
    0xE0, 0x3C, 0x1D, 0x1C, 0x68, 0x38, 0x3A, 0xCD, 0x14, 0x38, 0x7B, 0x02,
    0x85, 0x1A, 0x1E, 0x50, 0x76, 0x19, 0x02, 0x1C, 0x87, 0xCD, 0x10, 0xA8,
    0x1F, 0xD4, 0x0D, 0x44, 0x3F, 0xF9, 0x3A, 0x1D, 0x68, 0x76, 0x38, 0x6D,
    0x20, 0xD2, 0x0E, 0x0A, 0xA4, 0x27, 0x09, 0xE0, 0x2D, 0x02, 0x10, 0xCD,
    0x10, 0xCD, 0xA1, 0xF4, 0xD6, 0x24, 0x30, 0x50, 0xB6, 0x31, 0x0F, 0x34,
    0x43, 0xFE, 0x95, 0x45, 0x48, 0x79, 0xA2, 0x19, 0xB4, 0x33, 0xCC, 0x19,
    0x50, 0x85, 0xD0, 0x83, 0x2A, 0x70, 0x39, 0x21, 0xF4, 0x49, 0xA4, 0x90,
    0x18, 0x81, 0x86, 0xBD, 0x01, 0x38, 0x3F, 0xA8, 0x0B, 0x50, 0x7C, 0xCC,
    0x09, 0x83, 0xF2, 0x15, 0x10, 0x21, 0xB4, 0x36, 0xA9, 0x0F, 0x38, 0x7F,
    0xF0, 0x28, 0x0E, 0x0A, 0x02, 0x80, 0xE1, 0x3C, 0x07, 0xD0, 0x11, 0x0C,
    0xD1, 0x0C, 0xC2, 0x1F, 0x4D, 0x62, 0x43, 0x00, 0x50, 0xB6, 0x31, 0x0F,
    0x34, 0x43, 0xFE, 0x95, 0x45, 0x48, 0x79, 0xA2, 0x19, 0xB4, 0x33, 0xC1,
    0xFA, 0x10, 0xB8, 0x3F, 0xCE, 0x07, 0x09, 0x0F, 0xD2, 0x68, 0x19, 0x0B,
    0xC1, 0x61, 0xF2, 0x19, 0x0F, 0xE6, 0xBE, 0x0E, 0x66, 0x85, 0x65, 0x4C,
    0x8C, 0x92, 0x1C, 0x82, 0x4D, 0x0F, 0xF9, 0x31, 0xC3, 0xFF, 0x81, 0x20,
    0xF1, 0x07, 0x93, 0xC1, 0x31, 0x5F, 0x3C, 0x86, 0x69, 0xD6, 0xE1, 0x0F,
    0xA6, 0xB1, 0x21, 0x80, 0x50, 0xB6, 0x31, 0x0F, 0x34, 0x43, 0xFE, 0x95,
    0x45, 0x48, 0x79, 0xA2, 0x19, 0xB4, 0x33, 0xC1, 0xFA, 0x10, 0xB8, 0x3F,
    0xCE, 0x07, 0x09, 0x0F, 0xD2, 0x68, 0x28, 0x1B, 0xC1, 0x61, 0xD8, 0x72,
    0x83, 0xF9, 0xC3, 0x50, 0x3F, 0xFB, 0x7A, 0x14, 0x85, 0x21, 0x63, 0x85,
    0x14, 0x64, 0x12, 0x0E, 0x09, 0xA2, 0x13, 0x84, 0xF0, 0x7E, 0x44, 0x33,
    0x44, 0x33, 0x08, 0x7D, 0x35, 0x89, 0x0C, 0x50, 0x7A, 0x6F, 0x0F, 0x9A,
    0x90, 0xFF, 0xE0, 0x33, 0x51, 0x07, 0xF9, 0x20, 0xCD, 0x03, 0xFB, 0x43,
    0xEA, 0x07, 0xD4, 0x14, 0x14, 0x0D, 0x0E, 0x70, 0x78, 0x0A, 0x03, 0x87,
    0x68, 0x28, 0x07, 0x0A, 0x81, 0x54, 0xD0, 0xB1, 0x96, 0xD1, 0xC0, 0xD5,
    0xD0, 0x90, 0x39, 0xA5, 0x12, 0x28, 0x92, 0x8D, 0x0D, 0x10, 0xD1, 0xA0,
    0x4E, 0x15, 0x32, 0x18, 0x14, 0x41, 0x85, 0x5E, 0x03, 0x52, 0x4D, 0x10,
    0xC9, 0x21, 0x9B, 0x04, 0xD4, 0x94, 0x55, 0x44, 0x80, 0x50, 0x76, 0x51,
    0x0E, 0x43, 0xCA, 0x0F, 0xD7, 0x44, 0xA7, 0x83, 0xF7, 0x56, 0xF5, 0x21,
    0xE9, 0x05, 0x1D, 0x09, 0x0D, 0x42, 0x60, 0x4C, 0x22, 0x0A, 0x14, 0x6B,
    0x32, 0x38, 0x31, 0xE6, 0xB3, 0x11, 0x2C, 0x7A, 0x43, 0xAC, 0x2F, 0x01,
    0xC5, 0x04, 0x90, 0x87, 0x49, 0xE0, 0x30, 0x20, 0xB0, 0x20, 0xA0, 0x1C,
    0x24, 0x0A, 0x0C, 0xA0, 0x90, 0xFB, 0x0C, 0x94, 0x50, 0x66, 0x28, 0x19,
    0xA2, 0x1D, 0x85, 0xC1, 0xFE, 0x68, 0x13, 0x52, 0x1C, 0xC4, 0x1E, 0xA1,
    0x59, 0x52, 0x10, 0x50, 0xF5, 0xD1, 0x05, 0x03, 0xFE, 0xAC, 0x1F, 0xEC,
    0x08, 0x7F, 0x21, 0x48, 0x7E, 0x41, 0x6A, 0xA2, 0x19, 0x0A, 0x85, 0x19,
    0x09, 0x05, 0x03, 0x42, 0x60, 0x66, 0x02, 0x38, 0x6C, 0x70, 0x40, 0xC3,
    0xC8, 0x58, 0x4E, 0x19, 0xA9, 0x09, 0x10, 0xD5, 0x20, 0xC7, 0x0F, 0xFE,
    0x66, 0x94, 0x0F, 0xFE, 0x0D, 0x10, 0xE6, 0xD0, 0xA5, 0x56, 0x28, 0x00,
    0x50, 0x36, 0x91, 0x0F, 0xF2, 0x1F, 0xFC, 0xA4, 0x3F, 0xF8, 0x30, 0x69,
    0x0F, 0xF2, 0x89, 0x13, 0x04, 0x1F, 0x5E, 0x44, 0x24, 0xBC, 0x86, 0xF0,
    0x30, 0xF5, 0x8F, 0x02, 0x50, 0x7F, 0xF0, 0xB4, 0x18, 0x7F, 0xF2, 0x14,
    0x1F, 0xEC, 0x3F, 0x71, 0x44, 0xA0, 0xD8, 0x84, 0xA2, 0x3C, 0x14, 0x43,
    0x18, 0x6A, 0x80, 0x95, 0xC1, 0xFA, 0x06, 0x87, 0xA0, 0x39, 0xA1, 0x38,
    0x6A, 0x06, 0xD1, 0xC2, 0xD0, 0xED, 0x0F, 0xFE, 0x7E, 0x16, 0x1F, 0x21,
    0x60, 0x50, 0xB6, 0x31, 0x0F, 0xAA, 0x0F, 0xFE, 0x0A, 0x28, 0x3F, 0xF8,
    0x3E, 0x10, 0xFF, 0xE1, 0x62, 0x83, 0xFF, 0x83, 0x1E, 0x0F, 0xFF, 0x0B,
    0x87, 0xFF, 0x0F, 0x42, 0xD0, 0xFF, 0xE1, 0xA1, 0xFD, 0x78, 0x3B, 0xD0,
    0x69, 0x94, 0x1D, 0x5C, 0x09, 0x34, 0x42, 0x92, 0x81, 0xCF, 0x1D, 0x30,
    0xFF, 0x46, 0x3A, 0x1F, 0xFC, 0x0C, 0x70, 0xFF, 0x99, 0x2C, 0x3C, 0x50,
    0xB6, 0x31, 0x19, 0x0F, 0xE6, 0x02, 0x5A, 0x1F, 0x45, 0x0C, 0xF0, 0x7F,
    0x7C, 0xE7, 0x90, 0xFD, 0xDA, 0xAC, 0x3F, 0xAA, 0x06, 0xA3, 0xD5, 0x7D,
    0x2D, 0x34, 0x03, 0x4C, 0x1D, 0x10, 0xD2, 0xA1, 0x8C, 0x19, 0x82, 0x54,
    0x31, 0x83, 0x30, 0x2D, 0x0C, 0x60, 0xCC, 0x24, 0x1D, 0xAA, 0xA5, 0x77,
    0xA6, 0x6B, 0xFE, 0x50, 0x7F, 0xFE, 0x7B, 0x0F, 0xEE, 0x80, 0x50, 0xB6,
    0x11, 0x0C, 0xD3, 0xE9, 0x0F, 0x99, 0x42, 0x34, 0x0F, 0x48, 0x7A, 0x43,
    0xE6, 0x06, 0x50, 0x83, 0x20, 0xB9, 0x83, 0xF6, 0xB0, 0x8E, 0xB0, 0x72,
    0x41, 0xAD, 0x0E, 0x46, 0x0C, 0xC1, 0xF9, 0x83, 0x30, 0x10, 0xD7, 0x96,
    0x3D, 0x07, 0xA8, 0x34, 0x03, 0x06, 0x43, 0x20, 0xD0, 0xB0, 0x61, 0x30,
    0x7E, 0x4F, 0x50, 0x5C, 0x53, 0xB4, 0x0A, 0xAF, 0x28, 0x27, 0x90, 0xFC,
    0xAB, 0x28, 0x35, 0xF0, 0xC8, 0x50, 0xB6, 0x31, 0x86, 0x88, 0x7F, 0xF0,
    0x26, 0x8C, 0x86, 0xA7, 0x02, 0x0D, 0x15, 0x37, 0x43, 0x43, 0x9A, 0x94,
    0x21, 0xFF, 0xC1, 0x74, 0x27, 0x0F, 0xEE, 0x0F, 0xFE, 0x0B, 0x40, 0xF2,
    0x1D, 0x46, 0x0F, 0xE6, 0x8D, 0x03, 0xF9, 0x8A, 0x21, 0xFF, 0xC0, 0xD0,
    0xFF, 0xE1, 0x61, 0xFF, 0xD5, 0x70, 0xFF, 0xEA, 0xA1, 0xFF, 0xC4, 0x83,
    0xFF, 0x84, 0x51, 0x75, 0x51, 0x6B, 0xF3, 0xD7, 0xEC, 0x15, 0xE0, 0xEA,
    0xC1, 0xFF, 0xD7, 0xEB, 0x61, 0x3D, 0x64, 0x27, 0xAC, 0x86, 0xEB, 0x61,
    0xFF, 0xD7, 0xAC, 0x1D, 0x5E, 0x07, 0x5F, 0xB0, 0x50, 0xB6, 0x31, 0x0F,
    0x56, 0x43, 0xFD, 0x35, 0x89, 0x0F, 0x34, 0x43, 0x36, 0x86, 0x70, 0xFE,
    0xB4, 0x2E, 0xE0, 0xFD, 0x60, 0x71, 0xE0, 0xFD, 0x26, 0x81, 0xE0, 0xFD,
    0x87, 0x9E, 0x0F, 0xFE, 0x1B, 0xC1, 0xFF, 0xC3, 0x78, 0x3F, 0xF8, 0x6F,
    0x07, 0xB4, 0x3E, 0x78, 0x2C, 0x70, 0xFC, 0xF1, 0x20, 0xE0, 0xFC, 0xFC,
    0x13, 0xC1, 0xFB, 0x90, 0xCD, 0x10, 0xCD, 0xA1, 0xF4, 0xD6, 0x24, 0x30,
    0x50, 0xB6, 0x31, 0x17, 0xFF, 0x84, 0x0E, 0xBF, 0xF8, 0x58, 0x7C, 0xB6,
    0xC1, 0x90, 0xFD, 0x87, 0xFF, 0x09, 0x58, 0xC2, 0x1F, 0xCD, 0x0D, 0x58,
    0x7C, 0xF2, 0x15, 0x03, 0xF5, 0xF0, 0x1F, 0x07, 0xE4, 0x2F, 0x40, 0x83,
    0xE8, 0x3F, 0xF8, 0x2C, 0xB4, 0x1F, 0xF3, 0xAD, 0x87, 0xFF, 0x03, 0xAB,
    0x0F, 0xFE, 0x0A, 0xC1, 0xFF, 0xC1, 0xC2, 0xC3, 0xFF, 0x80, 0xFC, 0x87,
    0xFA, 0x0F, 0xFE, 0x12, 0x80, 0x50, 0x7E, 0x6D, 0x0A, 0xB2, 0x1F, 0xFC,
    0x1A, 0xBC, 0x15, 0x60, 0xFF, 0x61, 0xA1, 0x83, 0xE8, 0x37, 0x59, 0x0F,
    0xFB, 0xF8, 0x18, 0x7E, 0xBC, 0x79, 0x44, 0x7A, 0x0D, 0xE5, 0x77, 0x39,
    0x57, 0x92, 0x4C, 0x2F, 0x42, 0x8C, 0xE1, 0x8C, 0x9F, 0x31, 0xC6, 0x87,
    0xFB, 0x47, 0x40, 0x81, 0x8E, 0x5A, 0xF1, 0xEB, 0x41, 0x26, 0xD0, 0x41,
    0x4C, 0xE8, 0x0F, 0x3C, 0x90, 0x59, 0x9A, 0x00, 0x51, 0x75, 0x51, 0x0E,
    0x43, 0xEB, 0xB4, 0x39, 0x0A, 0x0F, 0xFE, 0x3A, 0x1D, 0x85, 0x07, 0xF2,
    0x1D, 0x05, 0x21, 0x28, 0x34, 0x06, 0x81, 0x44, 0x6A, 0x0B, 0x0A, 0x88,
    0x5D, 0x85, 0x05, 0x28, 0x33, 0xA4, 0x16, 0x44, 0xBB, 0x20, 0xB3, 0x5C,
    0x12, 0x40, 0x50, 0xB6, 0x31, 0x7F, 0xFF, 0x85, 0x10, 0x7F, 0xF0, 0x94,
    0x1B, 0x43, 0xB4, 0x3E, 0x48, 0x34, 0x41, 0xF2, 0xA0, 0xD3, 0x07, 0xD3,
    0x06, 0x98, 0x3E, 0x41, 0x01, 0x40, 0x43, 0xA0, 0x90, 0x61, 0x41, 0xCA,
    0x02, 0x05, 0x01, 0x0E, 0x82, 0x81, 0x20, 0xC3, 0x91, 0x0C, 0x87, 0xFF,
    0x21, 0x0F, 0xFE, 0x0A, 0x83, 0xF7, 0x83, 0xD8, 0x7E, 0x56, 0x1A, 0x70,
    0xFF, 0xE4, 0xCB, 0xFF, 0xC4, 0x51, 0x35, 0xB1, 0x0F, 0xCD, 0x41, 0xFD,
    0xD3, 0x0F, 0xFE, 0x06, 0x1F, 0xEA, 0x21, 0xFE, 0xA2, 0x1F, 0xFD, 0xCB,
    0xFD, 0x14, 0x0A, 0xBD, 0xF8, 0x25, 0xFF, 0x02, 0x81, 0xCA, 0x1C, 0x14,
    0x05, 0x05, 0x08, 0x7A, 0x89, 0xA1, 0xFF, 0xC4, 0x60, 0xFF, 0xE0, 0x57,
    0xC1, 0x80, 0x50, 0x76, 0x51, 0x0F, 0xFE, 0x1B, 0x21, 0xFF, 0xC2, 0x8B,
    0x0F, 0xCD, 0x1B, 0xCD, 0x87, 0x5D, 0xD0, 0x17, 0x44, 0x3D, 0x1C, 0x36,
    0x41, 0xF5, 0xDE, 0x92, 0x0F, 0xF7, 0x4F, 0x90, 0xFE, 0xE7, 0xA7, 0xC1,
    0xFE, 0x86, 0xAF, 0x41, 0xFB, 0x18, 0xAB, 0xC1, 0xFE, 0x90, 0x55, 0x87,
    0xAC, 0x1E, 0x12, 0x4C, 0x3B, 0x43, 0x32, 0x32, 0x1C, 0xC5, 0x06, 0x43,
    0xF9, 0x03, 0x01, 0x0F, 0xEF, 0x03, 0x0F, 0xFE, 0x0B, 0x07, 0xFF, 0x0C,
    0x50, 0xB6, 0x31, 0x0F, 0xFA, 0x43, 0xFF, 0x80, 0xDE, 0x20, 0xFF, 0x5D,
    0xF8, 0x3F, 0xEA, 0x26, 0x1F, 0xD3, 0x38, 0x7F, 0xF0, 0x91, 0x3C, 0x1F,
    0x54, 0xF9, 0x3E, 0x09, 0xA1, 0xB5, 0x60, 0xF4, 0x9F, 0xE0, 0xBD, 0x24,
    0x0F, 0x19, 0xEB, 0xC4, 0x7A, 0x50, 0xD0, 0xCA, 0xDD, 0xC0, 0xC2, 0x68,
    0x35, 0x9D, 0x0F, 0xCA, 0xAC, 0x84, 0xA0, 0xFF, 0xE2, 0xF9, 0x0F, 0x5E,
    0x82, 0x44, 0x5F, 0x64, 0x19, 0x52, 0xFE, 0xB0, 0x00, 0x50, 0x76, 0x51,
    0x0F, 0xF3, 0x40, 0xFF, 0xE1, 0x25, 0x41, 0xFF, 0xC1, 0xC4, 0x3F, 0xF8,
    0xBA, 0x21, 0xFF, 0xC0, 0xF3, 0x88, 0x7F, 0xF0, 0x19, 0xA0, 0x7E, 0x6B,
    0xCC, 0x87, 0xC9, 0x51, 0x4E, 0x10, 0xF9, 0x0F, 0xFE, 0x15, 0xC1, 0xFE,
    0xF4, 0xD1, 0x55, 0x9A, 0xDE, 0x6C, 0x0A, 0x0F, 0xF4, 0x86, 0x7A, 0xCD,
    0x76, 0x86, 0x6B, 0x9A, 0xF2, 0x1B, 0xAE, 0xEB, 0xD8, 0x2A, 0xF5, 0x7E,
    0xF5, 0x45, 0x06, 0xBF, 0x25, 0x00, 0x50, 0x7E, 0x4D, 0x68, 0x1F, 0xFC,
    0x3E, 0x18, 0x3F, 0xF8, 0x88, 0x7F, 0xF1, 0xFC, 0x87, 0xFF, 0x01, 0x52,
    0x53, 0xA2, 0x1F, 0xE9, 0xE6, 0x8A, 0xA8, 0x27, 0xA6, 0x50, 0x26, 0xB0,
    0x54, 0x13, 0x0F, 0xFE, 0x05, 0x0A, 0x75, 0xF9, 0x05, 0x7F, 0xF0, 0xD0,
    0x75, 0xFF, 0xC0, 0xC3, 0xAB, 0xFF, 0x80, 0x85, 0x40, 0xFF, 0xE0, 0x50,
    0x50, 0x7E, 0x4D, 0x68, 0x1F, 0xFC, 0x3E, 0x28, 0x1F, 0xFC, 0x48, 0x3F,
    0xF8, 0xCA, 0x0F, 0xFE, 0x13, 0x64, 0xBF, 0xC1, 0xD8, 0x83, 0xC1, 0xE8,
    0x37, 0x79, 0x25, 0xF5, 0x00, 0xD1, 0x6C, 0x3F, 0xF8, 0x14, 0x2F, 0x57,
    0xE4, 0x15, 0xFF, 0xC3, 0x41, 0xD7, 0xFF, 0x03, 0x43, 0x57, 0xFF, 0x01,
    0x0A, 0x81, 0xFF, 0xC0, 0xF0, 0x50, 0xB6, 0x31, 0x0D, 0x7F, 0xA0, 0xFD,
    0x1F, 0xE2, 0x0F, 0x4D, 0x3F, 0x50, 0x83, 0x2B, 0xC8, 0x67, 0xCC, 0x06,
    0x98, 0x7E, 0xA2, 0x8A, 0x83, 0xFD, 0x50, 0x30, 0xFF, 0xE0, 0x61, 0xFF,
    0xFB, 0xC3, 0xFF, 0x81, 0x82, 0xA0, 0xFF, 0x54, 0x35, 0x07, 0xEA, 0x28,
    0x0A, 0xB0, 0xF7, 0x98, 0x34, 0xDF, 0xE8, 0x83, 0xD1, 0xFE, 0x20, 0xC0,
    0x50, 0xB6, 0x11, 0x0F, 0xFE, 0x1A, 0x1F, 0xFC, 0x17, 0xC1, 0xFF, 0xC1,
    0xF4, 0x12, 0xEA, 0xEF, 0x05, 0xC6, 0x77, 0x72, 0x82, 0x43, 0x9D, 0xE0,
    0xF9, 0x1D, 0xD8, 0x83, 0x22, 0x3D, 0xC8, 0x79, 0xDC, 0xBB, 0x30, 0xF7,
    0x7A, 0xAF, 0x21, 0xD5, 0xEC, 0x83, 0xFF, 0x85, 0x94, 0x0F, 0xFE, 0x0A,
    0x1F, 0x5E, 0xAD, 0xD4, 0x1D, 0x02, 0xB8, 0x3F, 0x32, 0x1A, 0x81, 0xF3,
    0xE0, 0xD7, 0x83, 0x80, 0x51, 0x35, 0x91, 0x09, 0xAC, 0x86, 0xA1, 0x58,
    0xA0, 0xD6, 0x09, 0xA3, 0x83, 0x81, 0x40, 0x7A, 0x88, 0x57, 0x78, 0xA1,
    0x57, 0x20, 0xC0, 0xD4, 0x81, 0xF0, 0x7B, 0x6F, 0x07, 0xCF, 0xA0, 0xE6,
    0x9C, 0x83, 0x09, 0xA2, 0x0B, 0xC1, 0xEE, 0x9E, 0x0C, 0xD3, 0xA2, 0x61,
    0x34, 0x0D, 0xE0, 0xFF, 0x6D, 0x10, 0xF2, 0x8A, 0x15, 0x17, 0x00, 0x50,
    0xB6, 0x31, 0x6B, 0xFF, 0x84, 0x9D, 0x7F, 0xF0, 0x83, 0x2A, 0xA5, 0xDA,
    0x80, 0x82, 0x84, 0xB4, 0x3C, 0x1C, 0xC9, 0x02, 0x40, 0x87, 0x38, 0x7F,
    0x28, 0x0B, 0x55, 0xD3, 0x89, 0x31, 0x68, 0xAF, 0x72, 0xB1, 0xC1, 0xE5,
    0xD7, 0x8E, 0x19, 0xF3, 0xEB, 0x31, 0x90, 0x22, 0xB0, 0xE5, 0x0E, 0x14,
    0x22, 0x82, 0x88, 0x3E, 0xF4, 0x0D, 0xD0, 0xFA, 0x8E, 0x08, 0x18, 0x79,
    0x12, 0x03, 0x4E, 0x0E, 0xA9, 0x80, 0x81, 0x40, 0x79, 0x90, 0x2D, 0xB3,
    0x00, 0x50, 0xB6, 0x31, 0x6B, 0xFF, 0x84, 0x9D, 0x7F, 0xF0, 0x83, 0xFF,
    0x8C, 0x87, 0xFF, 0x15, 0x83, 0xFF, 0x86, 0xD1, 0x0F, 0xF3, 0x05, 0x08,
    0x7E, 0x88, 0x36, 0x48, 0x4D, 0x34, 0x0D, 0x1C, 0xEE, 0x89, 0xD8, 0x1E,
    0x86, 0x25, 0x63, 0x0B, 0x6A, 0x02, 0xB3, 0x42, 0xB7, 0x43, 0x55, 0xC0,
    0x5B, 0xD0, 0xA1, 0xF0, 0x86, 0x78, 0xFC, 0xCC, 0x1E, 0xB3, 0xF3, 0x79,
    0x09, 0x51, 0x5E, 0x27, 0x07, 0xAD, 0xFF, 0x3C, 0x68, 0x50, 0xBE, 0x2D,
    0x0F, 0xFE, 0x2F, 0x21, 0xFF, 0xC2, 0x62, 0x80, 0x6E, 0xA0, 0xF3, 0x1E,
    0x46, 0x10, 0xFB, 0xD1, 0x51, 0x07, 0xAC, 0x54, 0xA3, 0x90, 0xD4, 0x42,
    0x54, 0x37, 0x21, 0xA5, 0x46, 0x19, 0x9D, 0x04, 0x70, 0x50, 0x64, 0x27,
    0x83, 0xA1, 0x28, 0x12, 0x8A, 0xD9, 0x12, 0x1F, 0xA9, 0x84, 0xDC, 0x1F,
    0xFC, 0x47, 0x40, 0x50, 0x3A, 0x8F, 0x0F, 0xE9, 0x0F, 0xFE, 0x2D, 0x30,
    0xFF, 0xE2, 0xF6, 0x1F, 0xFC, 0x54, 0x60, 0xFF, 0xE2, 0xD3, 0x43, 0xF3,
    0xCA, 0x0D, 0x98, 0x15, 0x69, 0xBD, 0x3A, 0x75, 0x75, 0x0E, 0x0B, 0x03,
    0x06, 0x6C, 0x1C, 0x1A, 0xEE, 0x16, 0x9D, 0xD0, 0xB4, 0x0A, 0xAF, 0x16,
    0x96, 0x25, 0x10, 0xF9, 0x1E, 0x88, 0x1A, 0x0D, 0x77, 0x81, 0x07, 0xE5,
    0x57, 0xB4, 0x18, 0x7F, 0xF0, 0xDC, 0x18, 0x7F, 0xF1, 0x28, 0xC0, 0x50,
    0xB6, 0x31, 0x0F, 0x34, 0x43, 0xFE, 0xB6, 0x4E, 0x0F, 0x9A, 0x04, 0xE5,
    0x10, 0xEC, 0x0C, 0x08, 0x14, 0x42, 0xA3, 0x14, 0x03, 0x0E, 0x04, 0x0E,
    0x92, 0x0A, 0x12, 0x74, 0x15, 0x0C, 0x92, 0x61, 0x68, 0x38, 0x82, 0x64,
    0x45, 0x43, 0x81, 0x81, 0x01, 0x81, 0x22, 0xA2, 0x80, 0x41, 0x40, 0x30,
    0xE9, 0x21, 0x6C, 0x82, 0x82, 0xA1, 0x80, 0xE3, 0x02, 0x41, 0xC0, 0x81,
    0xC4, 0x85, 0x0E, 0xE1, 0x38, 0x18, 0x64, 0xD4, 0x19, 0xA3, 0x40, 0xBD,
    0x07, 0xD7, 0x02, 0x9A, 0x18, 0x50, 0xB6, 0x31, 0x0F, 0x35, 0x21, 0xFE,
    0xA3, 0x51, 0x21, 0xE6, 0xE4, 0x5B, 0x20, 0xEE, 0x5C, 0x2C, 0x08, 0x2A,
    0x01, 0x14, 0x23, 0x04, 0x81, 0x42, 0x28, 0x47, 0x8E, 0x14, 0x22, 0x84,
    0x50, 0x64, 0x08, 0x64, 0x3E, 0x5F, 0x0B, 0x85, 0x68, 0x8A, 0x11, 0x42,
    0x2B, 0x40, 0x81, 0x10, 0x22, 0x84, 0xE5, 0xFF, 0x85, 0x08, 0x14, 0x22,
    0x84, 0x78, 0x14, 0x02, 0x28, 0x46, 0x0E, 0xE5, 0xC2, 0xC0, 0x83, 0x36,
    0xA1, 0x68, 0x83, 0xE9, 0x55, 0x1A, 0x18, 0x50, 0xB6, 0x31, 0x0F, 0x34,
    0x43, 0xFE, 0xAD, 0xE6, 0x0F, 0x98, 0xF4, 0xFA, 0x88, 0x75, 0xDB, 0x46,
    0xA1, 0x0A, 0xF3, 0x6D, 0x0A, 0x38, 0x11, 0xB6, 0x1A, 0x14, 0xD3, 0xB6,
    0x14, 0x54, 0xDE, 0x1A, 0x0A, 0x27, 0xA6, 0xC8, 0xD1, 0x27, 0x9E, 0x9A,
    0x84, 0xA3, 0xCF, 0x35, 0x08, 0xC5, 0x1E, 0x68, 0x51, 0x47, 0xA2, 0x8D,
    0x0A, 0x14, 0xC7, 0xA3, 0x42, 0x85, 0x00, 0x83, 0xA6, 0xD0, 0xA1, 0x78,
    0x27, 0xA6, 0xD0, 0xAC, 0x86, 0x69, 0xE6, 0xA3, 0x43, 0xE9, 0x38, 0xE4,
    0x30, 0x50, 0x82, 0x0B, 0x17, 0xFF, 0x84, 0x57, 0xFF, 0x0F, 0x0F, 0xFE,
    0xA6, 0xBF, 0xFC, 0x4A, 0xFF, 0xE1, 0x87, 0xFF, 0x12, 0xFF, 0xFE, 0x18,
    0x7F, 0xF5, 0x30, 0xFF, 0xE1, 0x20, 0x50, 0x76, 0x51, 0x0F, 0x9A, 0x21,
    0xFF, 0x32, 0xA8, 0xA8, 0x3F, 0x3C, 0x86, 0x68, 0x87, 0x24, 0x1F, 0xA1,
    0x0D, 0xA2, 0x83, 0x28, 0x70, 0xA8, 0x4A, 0x0C, 0xA8, 0xA0, 0x74, 0xE1,
    0xA6, 0x1A, 0x07, 0x61, 0xCE, 0x25, 0x03, 0xA8, 0x1A, 0x89, 0x87, 0xE4,
    0x32, 0xBD, 0x07, 0xFF, 0x05, 0xD8, 0x3F, 0xAB, 0xCE, 0x38, 0x28, 0x15,
    0x77, 0x81, 0xA1, 0x68, 0x7F, 0xAC, 0x32, 0x21, 0xFA, 0xD0, 0xE4, 0x90,
    0xCD, 0x10, 0xF9, 0x8A, 0xCC, 0x1C, 0x50, 0xB6, 0x31, 0x0E, 0xAF, 0x07,
    0xFA, 0xF1, 0x53, 0x07, 0x9A, 0x2A, 0x18, 0xA0, 0x77, 0x1E, 0x03, 0x2A,
    0x81, 0x50, 0x3E, 0x94, 0x50, 0x18, 0x5E, 0x09, 0x83, 0x94, 0x1F, 0xAC,
    0x2D, 0xC3, 0xF9, 0x0C, 0xE1, 0xCD, 0x60, 0xFC, 0x84, 0xD6, 0x43, 0xE5,
    0x0D, 0x48, 0x86, 0x70, 0x71, 0x4C, 0x3E, 0xDC, 0xA3, 0x2C, 0x1F, 0xFC,
    0x18, 0x3F, 0x50, 0x3C, 0xE1, 0xEA, 0x01, 0x83, 0xF3, 0x50, 0x6E, 0xAF,
    0x54, 0x50, 0x30, 0x50, 0xB6, 0x31, 0x0F, 0x34, 0x50, 0x7F, 0xA5, 0x53,
    0xD2, 0x1E, 0x68, 0xAB, 0x0A, 0x43, 0x31, 0x25, 0xD5, 0x88, 0x5E, 0xA2,
    0x83, 0xCE, 0x07, 0x0F, 0x2A, 0xB0, 0x9E, 0xAD, 0xE1, 0xAE, 0xC1, 0x56,
    0xDA, 0x21, 0xFD, 0x41, 0x0A, 0xC3, 0xCD, 0x41, 0xCA, 0x0F, 0xA1, 0xC3,
    0x50, 0x3B, 0x0F, 0xFE, 0x16, 0x38, 0x6A, 0xC8, 0x52, 0x0E, 0x0A, 0xB2,
    0x87, 0x09, 0xE0, 0xF9, 0x42, 0x19, 0xA2, 0x19, 0x84, 0x3E, 0x9A, 0xC4,
    0x86, 0x50, 0xB6, 0x31, 0x0F, 0x98, 0x3F, 0xF8, 0x49, 0x40, 0xFF, 0xE0,
    0xEA, 0x0F, 0xFE, 0x15, 0x3C, 0x1F, 0xCB, 0xC1, 0x2E, 0x0C, 0x87, 0x78,
    0x3A, 0x0B, 0x5F, 0xFE, 0x00, 0x50, 0x4D, 0x02, 0xA0, 0x52, 0x1B, 0x82,
    0xAC, 0x0B, 0x0F, 0xFE, 0x4D, 0x36, 0xB8, 0x3F, 0xA4, 0x2A, 0x07, 0xFA,
    0x99, 0xD0, 0x3F, 0x93, 0xEB, 0x0F, 0x68, 0x13, 0xFC, 0x15, 0x14, 0x15,
    0x79, 0x0A, 0x05, 0x7F, 0xF0, 0x70, 0x00, 0x50, 0x7E, 0x4D, 0x24, 0x3F,
    0xF8, 0x0C, 0xA8, 0xAE, 0xF5, 0x65, 0x5E, 0x1A, 0xB3, 0xD5, 0x90, 0xFC,
    0x90, 0x7F, 0xF0, 0xF0, 0x56, 0x0F, 0x61, 0xA1, 0xAE, 0x0E, 0x60, 0xCA,
    0x0D, 0x40, 0x39, 0xD1, 0x0F, 0xD5, 0x68, 0x96, 0xC8, 0x4C, 0x44, 0x15,
    0xE4, 0x09, 0x3C, 0x87, 0xAE, 0x9E, 0xA8, 0x28, 0x39, 0x8C, 0x78, 0xE4,
    0x3F, 0x5F, 0x8A, 0x07, 0x00, 0x51, 0x35, 0x91, 0x0F, 0x31, 0x40, 0xFB,
    0xBD, 0x40, 0xF6, 0x28, 0x3F, 0x64, 0xA8, 0x3F, 0xBC, 0x1F, 0x48, 0x7E,
    0xA3, 0x1E, 0x05, 0x3A, 0x80, 0xE1, 0x48, 0x54, 0x0F, 0x74, 0x72, 0x50,
    0xAD, 0xAE, 0xF0, 0xAA, 0xE0, 0xFC, 0xD3, 0x90, 0xB4, 0x37, 0x21, 0x38,
    0x68, 0x0E, 0x0A, 0x21, 0xA1, 0x0A, 0x2A, 0x64, 0x50, 0xB6, 0x31, 0x0F,
    0x34, 0x43, 0xFE, 0x95, 0x45, 0x48, 0x79, 0xA2, 0x19, 0xB4, 0x33, 0xC1,
    0xFA, 0x10, 0xB8, 0x3F, 0xCE, 0x07, 0x0F, 0xE9, 0x24, 0xD0, 0x48, 0x74,
    0x16, 0x19, 0x90, 0xF2, 0x1F, 0x2B, 0x0D, 0x40, 0xFE, 0xC3, 0xC8, 0x7F,
    0x58, 0x6B, 0x0E, 0xD0, 0xFF, 0xE0, 0xE3, 0x85, 0x5D, 0x85, 0x20, 0xE0,
    0x45, 0x48, 0x1C, 0x27, 0x81, 0x85, 0x88, 0x86, 0x68, 0xA0, 0xD0, 0x87,
    0xD3, 0x58, 0x90, 0xC0, 0x50, 0x76, 0x51, 0x0F, 0x9A, 0x90, 0xFF, 0xA8,
    0x54, 0x50, 0x3F, 0x54, 0x84, 0xD4, 0x1E, 0xA0, 0x7F, 0x50, 0x35, 0x03,
    0xFE, 0xA0, 0x7F, 0xF2, 0x18, 0x0C, 0x84, 0xC8, 0x34, 0xC3, 0xB0, 0xB0,
    0xCE, 0x1E, 0xA3, 0x14, 0x0F, 0xF3, 0x42, 0x80, 0x43, 0xBA, 0x9B, 0x43,
    0x48, 0xE7, 0xA8, 0x41, 0x90, 0xDA, 0x06, 0x84, 0x89, 0xDA, 0x1D, 0x52,
    0xA3, 0x28, 0x94, 0x07, 0x01, 0xE7, 0x82, 0xA0, 0x4C, 0xC4, 0xE8, 0xD4,
    0x1D, 0x1E, 0xBD, 0x25, 0x03, 0x00, 0x50, 0xB6, 0x11, 0x0F, 0x34, 0x43,
    0xFD, 0x2A, 0x8A, 0x90, 0xE6, 0x88, 0x66, 0xD0, 0xDC, 0x1F, 0xA1, 0x05,
    0x03, 0xFC, 0xE3, 0x85, 0x06, 0x50, 0x27, 0x41, 0x28, 0x2A, 0x05, 0x86,
    0xE6, 0x85, 0x03, 0xF2, 0x81, 0x45, 0x07, 0xFA, 0xC5, 0x07, 0xFD, 0x93,
    0x87, 0x50, 0x36, 0xF8, 0x80, 0xE1, 0xCE, 0x07, 0x13, 0x4A, 0x03, 0x46,
    0x80, 0xA0, 0x54, 0x43, 0x78, 0xE0, 0xE8, 0x10, 0x59, 0x07, 0xCD, 0xD3,
    0xA0, 0x60, 0x50, 0xB6, 0x31, 0x0E, 0x6B, 0x21, 0xFC, 0xC5, 0x62, 0x43,
    0xCF, 0x21, 0x98, 0x83, 0x3C, 0x21, 0xA1, 0xD0, 0xB9, 0x83, 0xAA, 0x70,
    0x38, 0xC8, 0x75, 0x0A, 0x1A, 0x08, 0x3C, 0xA0, 0xFD, 0x50, 0x2C, 0x43,
    0xF4, 0x60, 0xDD, 0x0F, 0xD4, 0x28, 0x51, 0x0F, 0xE8, 0xA3, 0x07, 0xB4,
    0x16, 0x2D, 0xE0, 0xE7, 0x03, 0x06, 0xC2, 0xA0, 0x38, 0x24, 0x4C, 0x08,
    0x67, 0xA2, 0x24, 0x2B, 0x82, 0x40, 0xC2, 0x6C, 0x87, 0x20, 0xAB, 0xAE,
    0x42, 0x50, 0xB6, 0x31, 0x28, 0x87, 0xFF, 0x07, 0x55, 0xA1, 0xFF, 0xC0,
    0x82, 0x90, 0xFF, 0xB4, 0x28, 0x3F, 0xD3, 0x06, 0x43, 0xF9, 0x3C, 0x83,
    0x0F, 0xF6, 0x61, 0xFF, 0xC3, 0xE0, 0x94, 0x1F, 0xF3, 0x78, 0x90, 0xFF,
    0xE1, 0x64, 0x87, 0xFF, 0x0B, 0x24, 0x3F, 0xF8, 0x59, 0x40, 0xFF, 0xE1,
    0x63, 0x87, 0xFF, 0x0B, 0x06, 0x1F, 0xFC, 0x28, 0x18, 0x7F, 0xF0, 0x58,
    0x3F, 0xF8, 0x8D, 0x00, 0x50, 0xB6, 0x31, 0x0F, 0xFE, 0x33, 0x46, 0xFE,
    0x83, 0xDC, 0x45, 0xF4, 0xE1, 0x9E, 0x68, 0xC0, 0x77, 0x09, 0xDD, 0x88,
    0x41, 0x38, 0x4A, 0x04, 0x79, 0x0A, 0x10, 0xA8, 0x20, 0xC1, 0x01, 0x84,
    0x39, 0xD8, 0x93, 0x0E, 0xC0, 0xB6, 0x88, 0x87, 0x22, 0x5A, 0xA1, 0x40,
    0x40, 0xE0, 0xF0, 0x31, 0xC3, 0x2B, 0x21, 0x0E, 0x60, 0x50, 0x0C, 0x48,
    0x90, 0x65, 0x62, 0x0D, 0x44, 0xD8, 0x53, 0xC1, 0xDB, 0x21, 0xD4, 0x3F,
    0x4A, 0xE8, 0x1C, 0xDF, 0xD5, 0x80, 0x50, 0x76, 0x51, 0x0F, 0xF9, 0xA2,
    0x1F, 0xFC, 0x06, 0x28, 0xA8, 0x3F, 0x9E, 0x42, 0x68, 0x1F, 0xB8, 0x39,
    0x0F, 0xEA, 0x07, 0x90, 0xFC, 0xE1, 0xD0, 0x58, 0x73, 0xA1, 0xD0, 0x24,
    0x26, 0x20, 0xA0, 0x23, 0x85, 0x12, 0x1A, 0x16, 0xD0, 0x51, 0x0A, 0x14,
    0x08, 0x83, 0xFA, 0x15, 0x12, 0x15, 0x00, 0xA0, 0xD4, 0x43, 0xF9, 0x44,
    0x1F, 0xEC, 0x29, 0x22, 0x81, 0xF3, 0x02, 0x40, 0xE1, 0xFD, 0xC1, 0xA1,
    0x0F, 0xE6, 0x68, 0xC8, 0x7F, 0x00, 0x50, 0xB6, 0x11, 0x0F, 0x99, 0x0F,
    0xF3, 0x40, 0xA4, 0x39, 0xA1, 0x44, 0x19, 0xC0, 0xBA, 0x23, 0x61, 0x5C,
    0x83, 0xD4, 0x25, 0xE0, 0x67, 0xA0, 0xF3, 0x42, 0xF0, 0x1B, 0xD5, 0x64,
    0x8A, 0xC2, 0x6F, 0x44, 0x04, 0x08, 0xE1, 0x21, 0xFF, 0xC0, 0xC3, 0x50,
    0x39, 0x31, 0x30, 0xFF, 0xA1, 0x41, 0x24, 0xA0, 0x6B, 0x08, 0x5C, 0x61,
    0x33, 0x61, 0x50, 0x18, 0x6E, 0x81, 0x3B, 0x44, 0x3A, 0xB1, 0x64, 0x1F,
    0xD4, 0x28, 0x87, 0x00, 0x50, 0x76, 0x51, 0x0F, 0xFE, 0x0A, 0x1F, 0xFC,
    0x46, 0x43, 0xFF, 0x87, 0x44, 0x3F, 0xF8, 0x4C, 0x87, 0xFF, 0x0B, 0x50,
    0x1C, 0x3F, 0xDC, 0x13, 0x40, 0xFE, 0xE4, 0x2A, 0x21, 0xFB, 0x90, 0x4E,
    0x87, 0xEE, 0x41, 0x08, 0x7F, 0x72, 0x0C, 0x83, 0xFA, 0x88, 0x3A, 0x07,
    0xF5, 0xA0, 0xE4, 0x3F, 0xAD, 0x1F, 0x21, 0xFD, 0x68, 0xF8, 0x3F, 0xE9,
    0x1E, 0x0F, 0xFE, 0x14, 0x41, 0xFF, 0xC3, 0xD0, 0xFF, 0xE0, 0x80, 0x50,
    0x76, 0x71, 0x0F, 0xFE, 0xB5, 0x41, 0xFF, 0xC3, 0xBC, 0x1F, 0xFC, 0x3A,
    0x3C, 0x1F, 0xFC, 0x17, 0x28, 0x1E, 0x55, 0x78, 0x68, 0x1A, 0xF5, 0x17,
    0x86, 0x78, 0x12, 0x1F, 0xD4, 0x40, 0xE0, 0xE5, 0x07, 0x32, 0xD6, 0x84,
    0xD3, 0xFA, 0x9D, 0x10, 0xB0, 0x41, 0xFF, 0xC3, 0x63, 0x43, 0xFE, 0xA0,
    0x67, 0x0F, 0xFE, 0x1D, 0x08, 0x3F, 0xD4, 0x0D, 0x50, 0x7E, 0xA8, 0x3D,
    0x46, 0xBF, 0x83, 0xF9, 0xAF, 0x83, 0xC0, 0x51, 0x35, 0x91, 0x0F, 0xF2,
    0x83, 0xF5, 0x04, 0x0D, 0x4D, 0x48, 0xC5, 0x43, 0x05, 0xE4, 0x2E, 0x43,
    0x75, 0x9D, 0x0B, 0xAE, 0xE0, 0xE4, 0x3F, 0xF9, 0x48, 0x7D, 0x86, 0xC3,
    0xFF, 0x82, 0x84, 0x87, 0xFF, 0x01, 0x0F, 0xFE, 0x56, 0x1E, 0x50, 0x10,
    0xF4, 0x54, 0x41, 0x80, 0x51, 0x75, 0x51, 0x03, 0x59, 0x0A, 0x2B, 0x13,
    0x44, 0x33, 0x64, 0x86, 0x64, 0x8A, 0xC4, 0x81, 0xAC, 0x87, 0xFF, 0x0B,
    0xFC, 0x86, 0xBE, 0x0F, 0x5F, 0x07, 0x9F, 0x41, 0xEC, 0x08, 0x7B, 0x02,
    0x1E, 0x7D, 0x08, 0x5E, 0xA7, 0x81, 0x44, 0x50, 0xD9, 0x15, 0x89, 0x50,
    0xB6, 0x31, 0x0F, 0xFE, 0x1C, 0x1F, 0xE4, 0x34, 0x85, 0x40, 0xD0, 0x56,
    0x41, 0x50, 0x0C, 0x0A, 0xB1, 0x0E, 0x62, 0x9D, 0xA8, 0x3D, 0x16, 0x96,
    0x1F, 0x9D, 0x24, 0x1E, 0x4C, 0x34, 0x88, 0x66, 0x72, 0x03, 0x13, 0x02,
    0x66, 0xE0, 0xE8, 0x81, 0x11, 0x70, 0x64, 0x32, 0x1D, 0x87, 0x21, 0xB0,
    0xD0, 0x66, 0x0F, 0x4B, 0x7A, 0x12, 0x50, 0x69, 0x78, 0x08, 0xE1, 0xA0,
    0xA8, 0x1D, 0x4E, 0x0C, 0xD0, 0x43, 0x45, 0x1A, 0x98, 0x08, 0x00, 0x50,
    0xB6, 0x31, 0x0F, 0x34, 0x43, 0xFE, 0x95, 0x45, 0x48, 0x79, 0xA2, 0x19,
    0xB4, 0x33, 0xC1, 0xFA, 0x10, 0xB8, 0x3F, 0xCE, 0x07, 0x0A, 0x0E, 0x92,
    0x4D, 0x1A, 0x06, 0x60, 0xB0, 0xCF, 0x90, 0x50, 0x43, 0xFC, 0x83, 0x0F,
    0xF9, 0xC2, 0x70, 0xFF, 0xE5, 0xEA, 0xC3, 0xF6, 0x98, 0xED, 0x78, 0x14,
    0x64, 0x1C, 0xD7, 0x36, 0xAC, 0x27, 0x83, 0x99, 0x42, 0x19, 0xA2, 0x19,
    0x84, 0x3E, 0x9A, 0xC4, 0x86, 0x50, 0x76, 0x71, 0x0F, 0x9A, 0x21, 0xFF,
    0xC0, 0x65, 0x51, 0x52, 0x1F, 0x9E, 0x43, 0x30, 0xD0, 0x32, 0x41, 0xF9,
    0xED, 0x0B, 0x45, 0x07, 0x41, 0x38, 0x18, 0x84, 0x3A, 0x98, 0x76, 0x09,
    0x41, 0x92, 0x0F, 0xF5, 0x10, 0xAC, 0xD8, 0x34, 0x0C, 0x42, 0x62, 0x48,
    0x08, 0x8E, 0x1A, 0x43, 0xCD, 0x30, 0xFF, 0xE1, 0xE9, 0x25, 0x5D, 0x03,
    0xFE, 0xF3, 0x5B, 0xC0, 0xA0, 0x73, 0xC8, 0x72, 0x21, 0xA6, 0xC4, 0x3B,
    0x9E, 0x0C, 0xD0, 0x90, 0x23, 0x10, 0x7E, 0x6B, 0xF2, 0x1C, 0x50, 0x72,
    0x92, 0x0E, 0xAF, 0xC1, 0xFE, 0x6B, 0xFC, 0x1F, 0xDC, 0x19, 0xA8, 0x5C,
    0x1F, 0x9A, 0x15, 0xB3, 0xC1, 0x92, 0x85, 0x10, 0x90, 0x64, 0x17, 0x52,
    0x1F, 0xC8, 0x68, 0x81, 0xA1, 0x3A, 0x08, 0x8B, 0xE4, 0x18, 0x58, 0x23,
    0x0E, 0x70, 0x50, 0x2A, 0x01, 0x41, 0xB8, 0x24, 0x39, 0x0D, 0x82, 0x07,
    0xA9, 0xDD, 0xD0, 0x08, 0x68, 0x50, 0x1D, 0xD0, 0x26, 0x87, 0xDF, 0x3B,
    0xF2, 0x1F, 0x55, 0xF5, 0xDE, 0x05, 0x03, 0x93, 0xD5, 0xF3, 0x40, 0xF7,
    0x8A, 0x07, 0x54, 0x1F, 0x59, 0xCD, 0x4D, 0x03, 0xFA, 0x80, 0x6A, 0x43,
    0xF0, 0x50, 0x76, 0x71, 0x03, 0x52, 0x1F, 0xFC, 0x1A, 0x2D, 0x72, 0x1F,
    0xF2, 0x15, 0xC1, 0xFF, 0x3F, 0x90, 0xFF, 0xE0, 0xAC, 0x15, 0x48, 0x7F,
    0x94, 0x38, 0x7F, 0xF0, 0xD1, 0xF0, 0xE1, 0xFE, 0x50, 0x18, 0x0C, 0x1F,
    0xFC, 0x17, 0x04, 0x1F, 0xFC, 0x38, 0x1B, 0xA1, 0xFF, 0xC0, 0xA0, 0x3C,
    0x34, 0x04, 0xC8, 0x75, 0x00, 0xAB, 0x49, 0x57, 0x07, 0xF9, 0x81, 0x78,
    0x74, 0x32, 0xC6, 0x1E, 0xF5, 0x34, 0x09, 0xE2, 0x0F, 0x96, 0xBE, 0x95,
    0xA1, 0xFA, 0xAE, 0xEE, 0x08, 0x50, 0xB6, 0x11, 0x0E, 0x43, 0x90, 0xFA,
    0x6F, 0x5F, 0x07, 0x95, 0x04, 0x81, 0xE0, 0xD0, 0x7F, 0x90, 0x9B, 0x94,
    0x05, 0xBB, 0x04, 0x6D, 0x3D, 0x58, 0x08, 0xD8, 0xC0, 0x62, 0x8A, 0x0E,
    0x60, 0x30, 0x48, 0x11, 0x09, 0x83, 0xF2, 0x41, 0x68, 0x50, 0x68, 0x10,
    0x4A, 0x14, 0x21, 0xCE, 0x51, 0xA0, 0x20, 0xB0, 0x90, 0x90, 0x21, 0xD0,
    0x25, 0x60, 0x70, 0xE7, 0x05, 0x00, 0xC8, 0x7D, 0xC0, 0xB8, 0x3F, 0xCF,
    0x21, 0xE0, 0x50, 0xB6, 0x11, 0x09, 0x0F, 0xFE, 0x0B, 0xE0, 0xFF, 0xE0,
    0xC7, 0x83, 0xFE, 0x41, 0x08, 0x55, 0xEF, 0x06, 0x81, 0x5E, 0xD0, 0xF3,
    0x40, 0xEE, 0xC0, 0x83, 0x0F, 0x38, 0x97, 0x95, 0x86, 0x74, 0x1E, 0x04,
    0xA0, 0x92, 0x09, 0x58, 0x7D, 0xA1, 0x9E, 0xAC, 0x2A, 0x07, 0xF6, 0x83,
    0xC1, 0xFD, 0xA1, 0xA0, 0xFC, 0xE4, 0x20, 0xC3, 0xCC, 0xC7, 0x07, 0xF3,
    0xD3, 0x3F, 0x07, 0xE4, 0x70, 0xFC, 0x50, 0xF5, 0xD1, 0x0F, 0xFE, 0x1B,
    0x6D, 0x67, 0x90, 0x28, 0x97, 0x42, 0x82, 0x79, 0x03, 0x68, 0x4F, 0x18,
    0x32, 0xC2, 0xD3, 0x15, 0xE1, 0x41, 0xF2, 0x8C, 0x42, 0xDA, 0x2D, 0x30,
    0x82, 0xBB, 0xD5, 0xB0, 0xD5, 0x7A, 0xA4, 0x32, 0x4D, 0x18, 0x3A, 0x49,
    0x03, 0x0C, 0x05, 0x01, 0x42, 0x85, 0x05, 0x41, 0x42, 0xA8, 0x1D, 0xE4,
    0x2B, 0x0F, 0x4F, 0xD7, 0x07, 0xA0, 0x50, 0xE0, 0x80, 0x50, 0x76, 0x51,
    0x0F, 0xFE, 0x57, 0x90, 0xE7, 0xC1, 0xE4, 0x12, 0x13, 0x01, 0x0E, 0xC1,
    0x61, 0x68, 0x30, 0xF4, 0x75, 0xC9, 0x87, 0xCA, 0x8A, 0x8D, 0x0F, 0xB2,
    0x0F, 0xA3, 0x0E, 0xC3, 0xFE, 0xC3, 0xFF, 0x82, 0x87, 0xE7, 0x05, 0x02,
    0x90, 0x68, 0x57, 0x34, 0x0B, 0x55, 0xC0, 0xBB, 0x24, 0x29, 0x29, 0xC1,
    0x93, 0x3E, 0x83, 0xEA, 0x9D, 0x51, 0x8E, 0xD4, 0x0A, 0x62, 0xBA, 0x28,
    0x14, 0x0E, 0xA1, 0x99, 0x92, 0x1F, 0xCD, 0x72, 0x1C, 0x50, 0x76, 0x71,
    0x0F, 0xFA, 0x81, 0xFF, 0x48, 0x54, 0xC3, 0xFC, 0xE4, 0x0C, 0x40, 0xD1,
    0x0C, 0xB4, 0xB0, 0x51, 0xE0, 0xFE, 0xC3, 0x50, 0x1B, 0xB5, 0x20, 0xE4,
    0xB4, 0x32, 0x54, 0x48, 0x29, 0xC6, 0x82, 0xD8, 0x81, 0x02, 0x99, 0x98,
    0x4F, 0x4F, 0x80, 0xF4, 0x24, 0x14, 0x70, 0x62, 0x2B, 0xA6, 0x1B, 0x9F,
    0x03, 0x0D, 0xC8, 0x67, 0x82, 0x80, 0xC5, 0xA1, 0xCC, 0x42, 0x8E, 0x69,
    0x87, 0xDA, 0x68, 0x5C, 0x1F, 0xDA, 0x68, 0xA8, 0xA0, 0x7E, 0x55, 0x67,
    0x60, 0xFD, 0x17, 0x96, 0x90, 0xC0, 0x51, 0x35, 0x91, 0x0F, 0xFE, 0x0D,
    0x00, 0xC8, 0x64, 0x5A, 0x70, 0xDE, 0xB9, 0x58, 0x6B, 0x2C, 0x18, 0x79,
    0x04, 0x41, 0x90, 0xC8, 0xB0, 0x13, 0x0B, 0x57, 0x42, 0x40, 0xA0, 0x50,
    0x3F, 0xE7, 0x0F, 0xF6, 0x82, 0x89, 0x78, 0x90, 0xBC, 0x13, 0x18, 0x10,
    0xCA, 0x0E, 0xD0, 0x62, 0x1E, 0x74, 0x70, 0xE8, 0x1B, 0xBD, 0x00, 0x50,
    0x76, 0x71, 0x0F, 0xFE, 0xA3, 0x87, 0xFF, 0x11, 0xA6, 0x1F, 0xFC, 0x39,
    0x90, 0xFF, 0xE1, 0x62, 0x0A, 0x07, 0xE4, 0xB0, 0x5D, 0x70, 0x73, 0xE4,
    0x1A, 0x15, 0x64, 0x28, 0x91, 0x6A, 0x30, 0xCA, 0x9A, 0x3B, 0xE6, 0x88,
    0x4A, 0x02, 0x5D, 0x1D, 0x0E, 0x58, 0x1E, 0x79, 0x1C, 0x3E, 0x79, 0x91,
    0x0A, 0xA0, 0xEE, 0x0F, 0x61, 0x56, 0x0B, 0x2D, 0xC1, 0xC1, 0xA8, 0x13,
    0x43, 0x40, 0xE8, 0x7F, 0x47, 0x06, 0x44, 0x3F, 0xD0, 0x79, 0x41, 0xC0,
    0x50, 0xB6, 0x31, 0x0C, 0x87, 0xFF, 0x09, 0x31, 0x10, 0xFE, 0x54, 0xDE,
    0x43, 0xF9, 0x8E, 0xB2, 0x1F, 0x33, 0x3A, 0xB2, 0x0F, 0x32, 0x64, 0x34,
    0x43, 0x94, 0x0C, 0x37, 0x84, 0x32, 0xF7, 0x88, 0xBC, 0x1C, 0xFA, 0x03,
    0x0E, 0x41, 0x93, 0xB5, 0x12, 0xA5, 0x83, 0x2A, 0x32, 0x41, 0xE4, 0x39,
    0x5C, 0xA8, 0x26, 0x0F, 0xAE, 0x62, 0x04, 0x1F, 0xA6, 0x05, 0x48, 0x7E,
    0x62, 0xF8, 0x43, 0xF2, 0x7C, 0x88, 0x7F, 0xC8, 0x24, 0x20, 0x50, 0xF5,
    0xD1, 0x0C, 0xD4, 0x87, 0xCE, 0x54, 0x50, 0x32, 0x0E, 0x57, 0xAE, 0x0B,
    0x6F, 0x10, 0xE8, 0x82, 0x8C, 0xC8, 0xC8, 0x3A, 0x05, 0x47, 0x77, 0x09,
    0x83, 0xF6, 0x23, 0x40, 0xF9, 0xD8, 0x3E, 0xA0, 0x25, 0x61, 0x60, 0x83,
    0x61, 0xCD, 0x03, 0xCF, 0x41, 0xC3, 0xD5, 0x81, 0xA1, 0xEA, 0x81, 0x40,
    0xFD, 0x02, 0x81, 0xF2, 0x81, 0x40, 0xFC, 0x95, 0x07, 0xC0, 0x50, 0x76,
    0x50, 0x0F, 0xFE, 0x17, 0xA8, 0x1F, 0xFC, 0x48, 0x3F, 0xF8, 0x48, 0x7F,
    0xF0, 0x9A, 0x83, 0xFF, 0x83, 0x14, 0xF2, 0x1F, 0xEA, 0x35, 0xC1, 0xF3,
    0xEA, 0xFC, 0x87, 0xB2, 0x7B, 0xAD, 0x87, 0x51, 0xF3, 0x40, 0x74, 0x0C,
    0xF7, 0xCA, 0xC1, 0x21, 0xDA, 0x1C, 0x8B, 0x83, 0x3D, 0xE7, 0x54, 0xAD,
    0x03, 0x44, 0xD4, 0x0F, 0x03, 0xCE, 0xCA, 0x1F, 0x50, 0xFA, 0x74, 0x11,
    0x50, 0x26, 0xF4, 0x41, 0x91, 0xA0, 0x1A, 0xC8, 0x00, 0x50, 0xB6, 0x31,
    0x0F, 0x54, 0x1F, 0xFC, 0x18, 0xF2, 0x1F, 0xF5, 0xFC, 0x1F, 0xEA, 0xDE,
    0x0F, 0xFE, 0x05, 0x3E, 0x0F, 0xF9, 0x28, 0x08, 0x3F, 0xAE, 0x6A, 0x0F,
    0xFE, 0x0E, 0x1F, 0xFC, 0x07, 0x14, 0x15, 0x1A, 0x21, 0x68, 0x4D, 0xD1,
    0xA6, 0x1F, 0x65, 0x03, 0xA8, 0x30, 0xF9, 0x41, 0xFD, 0xCA, 0x83, 0x90,
    0xF3, 0x21, 0x9C, 0xC1, 0x04, 0x94, 0x0F, 0x56, 0x0C, 0xD0, 0x35, 0x1A,
    0x34, 0x22, 0xBE, 0x3A, 0x10, 0x00, 0x50, 0x7A, 0x4F, 0x0F, 0xFA, 0x81,
    0xFF, 0xC2, 0xAC, 0xC1, 0xFE, 0x6A, 0xD5, 0x44, 0x3F, 0x70, 0x34, 0x10,
    0x86, 0x69, 0x84, 0xF9, 0xBC, 0x14, 0x51, 0x1A, 0x05, 0x40, 0xAF, 0x56,
    0x28, 0xE8, 0x4E, 0x6F, 0x52, 0x30, 0x7B, 0xA6, 0x82, 0xE0, 0xB4, 0x3F,
    0xC8, 0x86, 0xC3, 0xD0, 0x51, 0x05, 0xC1, 0xD2, 0x13, 0xA1, 0x34, 0xC2,
    0xB0, 0xCD, 0x4A, 0xA2, 0x19, 0xA9, 0x2A, 0x43, 0x35, 0x15, 0x28, 0x3F,
    0x00, 0x51, 0x75, 0x71, 0x0D, 0x44, 0x3C, 0xAB, 0x64, 0x36, 0x8A, 0xB0,
    0xCC, 0xA2, 0x0E, 0x74, 0x4C, 0x24, 0x17, 0x78, 0x2C, 0x15, 0x68, 0x6B,
    0xA7, 0x40, 0xEE, 0x88, 0x10, 0xFF, 0xE1, 0xE1, 0x9C, 0x3F, 0xF8, 0x0E,
    0x1F, 0xDA, 0x1F, 0xFC, 0x3D, 0x0A, 0xA0, 0xDD, 0x82, 0x85, 0x3D, 0x20,
    0x50, 0xB6, 0x31, 0x0F, 0x99, 0x0F, 0xF9, 0xA3, 0x34, 0x43, 0xD4, 0x28,
    0x15, 0x1A, 0x05, 0x12, 0x1F, 0xA3, 0x0A, 0x88, 0x7C, 0xD1, 0x0D, 0x12,
    0x13, 0x30, 0x7C, 0xCD, 0xCC, 0x1F, 0xE8, 0x98, 0x10, 0x7E, 0xA0, 0x73,
    0x87, 0xCE, 0x21, 0xCC, 0x1B, 0x16, 0x0E, 0x6C, 0x36, 0x19, 0x0E, 0xD0,
    0xAC, 0x24, 0x3C, 0x88, 0x49, 0x40, 0xF9, 0x88, 0xE9, 0xD4, 0x81, 0x89,
    0x03, 0x41, 0x20, 0x44, 0x87, 0xC9, 0x8D, 0x10, 0xF0, 0x50, 0xF5, 0xF1,
    0x0F, 0x35, 0x07, 0xD7, 0x72, 0xD8, 0x72, 0x84, 0x3D, 0xC1, 0x41, 0xFE,
    0x50, 0x7E, 0xB4, 0x28, 0x83, 0x3A, 0x50, 0x36, 0x15, 0x03, 0x30, 0x58,
    0xE2, 0x12, 0x21, 0xFB, 0x03, 0x87, 0x41, 0x30, 0x18, 0x28, 0x08, 0x4A,
    0x20, 0xC8, 0x79, 0x44, 0x1F, 0x41, 0xFE, 0x43, 0xFF, 0xAD, 0x44, 0x39,
    0xA0, 0x74, 0x56, 0x48, 0x20, 0x51, 0x35, 0xB1, 0xAF, 0x07, 0xEA, 0xF0,
    0x14, 0x1F, 0x9A, 0x2C, 0x1E, 0xE0, 0x6B, 0x06, 0x61, 0x1D, 0x41, 0xBB,
    0xCA, 0xD0, 0xF4, 0xE0, 0xC3, 0xE7, 0x43, 0xFE, 0xD0, 0xFF, 0x4C, 0x0C,
    0x3C, 0xA8, 0x24, 0x3C, 0x83, 0x30, 0xFB, 0x83, 0xFE, 0x41, 0x87, 0xFB,
    0x12, 0x0F, 0xF4, 0x41, 0xAB, 0x02, 0xC3, 0x00, 0x50, 0xF5, 0xF1, 0x0F,
    0xFE, 0x45, 0xF0, 0x7F, 0x94, 0x14, 0x1F, 0xFC, 0x24, 0x3F, 0xF8, 0x48,
    0x7F, 0x28, 0x0C, 0x1F, 0xFC, 0xC9, 0x03, 0x87, 0xF2, 0x1C, 0x87, 0xC8,
    0x7A, 0x0F, 0xA0, 0xE4, 0x3E, 0x48, 0x36, 0x41, 0xD2, 0x83, 0xA4, 0x2F,
    0x1C, 0x1A, 0x07, 0x84, 0x12, 0x1D, 0x06, 0x83, 0xFF, 0x81, 0x03, 0xD7,
    0xFA, 0xF2, 0x00, 0x50, 0x7A, 0x4F, 0x0F, 0xE5, 0x83, 0xFD, 0x6A, 0x8F,
    0x50, 0x3C, 0xD8, 0xA1, 0x8A, 0x61, 0xA2, 0x78, 0x13, 0xC5, 0x03, 0xE6,
    0x04, 0x0C, 0x14, 0x1D, 0x8E, 0x0B, 0x1B, 0x0D, 0xA0, 0xE0, 0x42, 0x50,
    0x0F, 0x71, 0xD7, 0x11, 0x4F, 0x03, 0x2A, 0xC0, 0x85, 0x40, 0x51, 0x58,
    0xA1, 0xB2, 0xA4, 0x15, 0x03, 0xBC, 0xF7, 0x40, 0xD7, 0x8A, 0x34, 0x1E,
    0x6C, 0x35, 0x63, 0xB0, 0x74, 0x43, 0xAB, 0x65, 0xEA, 0x07, 0xFF, 0x02,
    0x0B, 0x40, 0x50, 0x7E, 0x4E, 0x0F, 0xFE, 0x7B, 0x4D, 0x0F, 0xFA, 0x81,
    0x54, 0x1F, 0xD5, 0x7A, 0x55, 0x03, 0xE7, 0x28, 0x86, 0xA0, 0x7B, 0x43,
    0xFA, 0x81, 0xF3, 0x87, 0xFF, 0x05, 0xCD, 0x0F, 0xFE, 0x0F, 0x90, 0xFF,
    0xE0, 0xB5, 0x24, 0x87, 0xF5, 0xC1, 0x50, 0xA3, 0x86, 0x95, 0x40, 0xCD,
    0x5D, 0x5D, 0x3A, 0xC1, 0xAB, 0xC8, 0x85, 0x5F, 0x21, 0xC0, 0x51, 0x35,
    0xB1, 0x0C, 0xD4, 0x87, 0xDC, 0xB5, 0x41, 0xB0, 0xF7, 0x90, 0x21, 0x94,
    0x6E, 0x0D, 0x2E, 0xAD, 0x0D, 0x28, 0x2D, 0xC2, 0xDB, 0xAB, 0x20, 0x9E,
    0xC8, 0x4A, 0x05, 0x26, 0x3F, 0x07, 0x94, 0x5E, 0x0E, 0x96, 0xD0, 0x61,
    0x2D, 0xE1, 0x50, 0x48, 0x81, 0x74, 0x12, 0x72, 0x3F, 0x06, 0x5B, 0x0E,
    0x43, 0xCD, 0x17, 0x07, 0xCA, 0xFA, 0x00, 0x50, 0x36, 0x91, 0x0D, 0x45,
    0x07, 0xFF, 0x0A, 0xEC, 0xC3, 0xFF, 0x85, 0xA1, 0xFF, 0xC4, 0x63, 0x57,
    0x83, 0xFF, 0x81, 0xDB, 0x85, 0x20, 0x6A, 0x42, 0x9C, 0x8B, 0xB0, 0x77,
    0x52, 0x0D, 0x0D, 0x87, 0x23, 0x52, 0x1F, 0x2B, 0x20, 0x3A, 0xBC, 0x48,
    0x76, 0xD0, 0x4C, 0xC3, 0x61, 0x94, 0x16, 0x04, 0x9C, 0x2A, 0x74, 0x4D,
    0x60, 0xDA, 0x0F, 0x30, 0x67, 0x10, 0xFC, 0xC6, 0x50, 0x3F, 0x38, 0x6F,
    0x51, 0x09, 0xA2, 0x8D, 0x0F, 0xFE, 0x02, 0xBD, 0x40, 0xFF, 0xE1, 0x6C,
    0x16, 0x1F, 0xFC, 0x16, 0xE9, 0xA0, 0x50, 0x36, 0x91, 0x0F, 0xEA, 0x21,
    0xFF, 0xC3, 0x65, 0x50, 0x3F, 0xF8, 0x2F, 0x25, 0xC1, 0xFF, 0x61, 0x62,
    0x09, 0x0F, 0xD2, 0x80, 0xE0, 0xCC, 0x3F, 0xA4, 0x92, 0xD2, 0x81, 0xE6,
    0x3A, 0x73, 0x07, 0xFB, 0x04, 0x0A, 0x69, 0x1A, 0x19, 0xC3, 0xF6, 0x13,
    0x86, 0xD0, 0xD1, 0x07, 0xB0, 0xF9, 0x04, 0x61, 0x40, 0x60, 0x30, 0x24,
    0x43, 0xC8, 0x76, 0x05, 0x8C, 0xC3, 0x60, 0xD0, 0xD8, 0x51, 0x06, 0x91,
    0xC0, 0xAC, 0x3F, 0xB3, 0x20, 0x46, 0x88, 0x7D, 0x95, 0x80, 0xC4, 0x57,
    0x0E, 0x08, 0x00, 0x50, 0x36, 0x91, 0x0F, 0xFA, 0x81, 0x50, 0x3F, 0xF8,
    0x54, 0x45, 0x10, 0x7F, 0x92, 0x99, 0xE2, 0x0F, 0xE7, 0xAE, 0x0F, 0xFE,
    0x03, 0xC0, 0xA9, 0x0F, 0xF3, 0xC3, 0x1A, 0x1F, 0xE7, 0x80, 0xC0, 0xC3,
    0xF9, 0xEB, 0x84, 0x90, 0xF9, 0xE8, 0x8C, 0x88, 0x7E, 0x7B, 0x03, 0xA2,
    0x1F, 0x9E, 0xE0, 0x68, 0x87, 0xE7, 0xB2, 0x74, 0x43, 0xFB, 0xB0, 0xB4,
    0x43, 0xFE, 0x42, 0xD1, 0x0F, 0xFE, 0x02, 0x8D, 0x10, 0xFF, 0xE0, 0x74,
    0xD1, 0x0F, 0xFE, 0x0B, 0x52, 0x83, 0xFF, 0x82, 0x50, 0x42, 0x6B, 0x02,
    0xAB, 0xFE, 0x42, 0x61, 0xAF, 0xF9, 0x51, 0x44, 0x3F, 0xF8, 0x2D, 0x0A,
    0x21, 0xFF, 0x34, 0x1A, 0x0D, 0x7F, 0x2A, 0x81, 0x95, 0x5F, 0xC8, 0x7C,
    0xDF, 0x9B, 0x68, 0x87, 0x62, 0xA8, 0x49, 0x3E, 0x83, 0x79, 0x3C, 0x1E,
    0xF4, 0xF5, 0x75, 0xBF, 0xD1, 0x09, 0x41, 0xAF, 0xE5, 0x48, 0x51, 0x75,
    0x51, 0x64, 0x33, 0x3D, 0x7E, 0xF3, 0x06, 0x56, 0xE6, 0x15, 0xA4, 0x65,
    0xD0, 0x2E, 0xF0, 0x10, 0x53, 0x9B, 0xC3, 0x4F, 0x5D, 0x58, 0xD6, 0x0E,
    0x6B, 0x03, 0xAB, 0xBD, 0x44, 0xE8, 0xAF, 0x40, 0x4F, 0x16, 0x15, 0xE8,
    0xC8, 0x73, 0x07, 0xCE, 0xC1, 0x95, 0xEA, 0xFD, 0x80, 0x50, 0x76, 0x51,
    0x0F, 0xFE, 0x1D, 0x03, 0xCC, 0xBA, 0x4A, 0xC1, 0xA3, 0x20, 0x64, 0xC1,
    0xD0, 0xB6, 0xB1, 0xA5, 0x01, 0x08, 0x50, 0x5F, 0x10, 0x12, 0xD4, 0x04,
    0xA8, 0xC3, 0x60, 0x7B, 0xE0, 0x91, 0x06, 0x1D, 0x09, 0x07, 0xE8, 0xBC,
    0xA2, 0x99, 0x61, 0xA2, 0xCB, 0xBB, 0x2C, 0x2C, 0x34, 0x58, 0x87, 0xFD,
    0x3F, 0x58, 0x10, 0xCE, 0xD4, 0x04, 0x94, 0x68, 0x58, 0x74, 0x13, 0x98,
    0x64, 0xD0, 0x40, 0x56, 0x21, 0xC9, 0xA8, 0x51, 0xA8, 0x3E, 0x60, 0x60,
    0x60, 0xE0, 0x51, 0xB5, 0x11, 0x0F, 0xFE, 0x0D, 0x03, 0xB2, 0x09, 0xEF,
    0x24, 0x1A, 0x68, 0xD4, 0x84, 0xFA, 0x81, 0x70, 0xD0, 0x70, 0xFE, 0x60,
    0x61, 0x48, 0x38, 0xD2, 0x0E, 0xE0, 0x49, 0xE2, 0x06, 0x09, 0x09, 0xC2,
    0x42, 0x9A, 0x10, 0x50, 0x76, 0x51, 0x0F, 0x3F, 0x90, 0xFF, 0xE0, 0x56,
    0x60, 0xFE, 0x68, 0x7C, 0x0A, 0x21, 0xD1, 0x15, 0xE2, 0x20, 0xA3, 0x8E,
    0xB6, 0x59, 0x05, 0x5F, 0xFC, 0x20, 0x25, 0x7F, 0xF0, 0x8B, 0xAF, 0xFE,
    0x20, 0x66, 0x43, 0xD4, 0x43, 0x54, 0x57, 0xC9, 0x50, 0x28, 0xCD, 0x79,
    0x9A, 0x06, 0xEC, 0x3D, 0xD0, 0x3C, 0xC8, 0x79, 0x83, 0xFF, 0xDD, 0xD7,
    0xFF, 0x13, 0x50, 0xB6, 0x31, 0x6B, 0xFF, 0x86, 0xF1, 0x5C, 0x56, 0x29,
    0x87, 0xFF, 0x15, 0x8A, 0x74, 0x29, 0xC5, 0x06, 0xB3, 0x5C, 0xD6, 0x1A,
    0xCD, 0x73, 0x58, 0x62, 0x9D, 0x0A, 0x71, 0x40, 0xFF, 0xE3, 0x33, 0x5C,
    0xD6, 0x68, 0x37, 0x42, 0x9D, 0x0B, 0xA0, 0x7F, 0xF1, 0x9B, 0xA1, 0x4E,
    0x85, 0xD0, 0x66, 0xB9, 0xAC, 0xD0, 0x66, 0xB9, 0xAC, 0xD0, 0x6E, 0x85,
    0x3A, 0x17, 0x40, 0xFF, 0xE3, 0xD6, 0x2B, 0x8A, 0xD8, 0x50, 0xBA, 0x0F,
    0x0E, 0x6B, 0xBA, 0xC1, 0x31, 0x5C, 0xD4, 0x14, 0x48, 0x7F, 0xCE, 0x87,
    0xFF, 0x07, 0x42, 0x6B, 0x35, 0x0E, 0x14, 0x56, 0xEB, 0x68, 0x19, 0x0F,
    0xFE, 0x0E, 0x1F, 0xFC, 0x3C, 0x3F, 0xED, 0x03, 0x07, 0xF9, 0xC2, 0x9A,
    0xFE, 0x34, 0x26, 0xB1, 0x50, 0x1D, 0x0F, 0xFE, 0x14, 0x48, 0x7F, 0xF0,
    0x58, 0xAE, 0x6A, 0x40, 0x50, 0xF5, 0xD1, 0x0F, 0xF2, 0x83, 0xFE, 0x40,
    0x87, 0xC8, 0x34, 0x08, 0x74, 0x53, 0x06, 0x86, 0x72, 0xF1, 0xC1, 0xD9,
    0x2A, 0x81, 0xEA, 0x33, 0x31, 0x07, 0x32, 0x15, 0x60, 0x51, 0x0A, 0x41,
    0x41, 0xC1, 0x05, 0x40, 0xDA, 0x1C, 0xE5, 0x03, 0xFB, 0x56, 0x13, 0x21,
    0x50, 0xD0, 0xBE, 0x90, 0xA8, 0x1C, 0xD5, 0xC6, 0x1F, 0xD3, 0xC8, 0x7F,
    0x3E, 0x83, 0x80, 0x51, 0x75, 0x51, 0x0D, 0x59, 0x0D, 0x76, 0x61, 0xA3,
    0x68, 0x1D, 0x88, 0x7B, 0xA6, 0x86, 0x9B, 0x34, 0x0D, 0x7B, 0x06, 0x1F,
    0xFC, 0x0A, 0x03, 0x4C, 0x2A, 0x0E, 0xA2, 0x86, 0x16, 0x1E, 0x43, 0xC9,
    0xA1, 0xD1, 0x40, 0xF9, 0x83, 0x50, 0x3D, 0x64, 0xD6, 0x64, 0x50, 0x76,
    0x51, 0x0F, 0xFE, 0x24, 0x1F, 0xFC, 0x4A, 0x83, 0xFF, 0x85, 0x58, 0x3F,
    0xF8, 0x2E, 0xE1, 0xFF, 0xC2, 0xDD, 0x0F, 0xFE, 0x0D, 0x60, 0xFF, 0xE0,
    0xC3, 0x87, 0xFF, 0x01, 0xEF, 0x21, 0xFF, 0x47, 0x78, 0x3F, 0xE8, 0xC8,
    0x43, 0xFD, 0x3D, 0x03, 0xFF, 0x81, 0x78, 0xA8, 0x3F, 0x9A, 0x23, 0x42,
    0x0F, 0x71, 0x28, 0x28, 0x3F, 0x62, 0x86, 0x5B, 0x0F, 0xD3, 0x14, 0xDD,
    0x0F, 0xE7, 0x74, 0xB0, 0xF8, 0x50, 0xB6, 0x31, 0x19, 0x0F, 0xCD, 0x00,
    0xE3, 0x07, 0xA1, 0xE3, 0x86, 0x43, 0x53, 0xE9, 0xC1, 0x9A, 0xE1, 0x82,
    0xC8, 0x2F, 0x05, 0x94, 0x51, 0xD3, 0x51, 0xF0, 0x29, 0xF3, 0x43, 0x05,
    0x4B, 0x58, 0x1B, 0xC8, 0x2B, 0xB2, 0x1E, 0x28, 0x7A, 0xBB, 0xC0, 0x47,
    0xFA, 0x9D, 0x01, 0x81, 0x8A, 0xBD, 0x31, 0xA8, 0x0E, 0xAA, 0x7A, 0x63,
    0x0F, 0xFE, 0x1A, 0x21, 0x72, 0xA9, 0xE9, 0x8C, 0x32, 0xD5, 0x7A, 0x67,
    0xC1, 0xB7, 0x6F, 0x4E, 0xE8, 0x67, 0x7B, 0xD6, 0x70, 0x40, 0x51, 0x35,
    0xB1, 0x03, 0x5E, 0x42, 0x62, 0x99, 0xCA, 0x8A, 0x26, 0x7A, 0x1E, 0x34,
    0xC1, 0x46, 0xC6, 0x9D, 0xE9, 0x28, 0x07, 0xE0, 0xC8, 0x7C, 0xD5, 0x87,
    0xFF, 0xFC, 0x3F, 0xF9, 0x1C, 0x87, 0x60, 0xA3, 0x15, 0x95, 0xB0, 0x4D,
    0x62, 0x88, 0x00, 0x50, 0x7A, 0x50, 0x0E, 0x64, 0x3F, 0xF8, 0x53, 0x10,
    0x7F, 0xF0, 0x18, 0x0F, 0x59, 0x0F, 0xB0, 0xCF, 0x51, 0x07, 0x41, 0xCA,
    0x09, 0xA0, 0x77, 0xAA, 0xC3, 0xD4, 0x0D, 0x77, 0x83, 0xF2, 0x84, 0x83,
    0x41, 0xCD, 0x32, 0x8A, 0x84, 0x39, 0x42, 0x34, 0x19, 0x0E, 0xBA, 0x3E,
    0x68, 0x87, 0xAF, 0x16, 0xE9, 0x10, 0x55, 0x6D, 0x00, 0xE0, 0x66, 0x68,
    0x1F, 0xA8, 0x81, 0x90, 0x21, 0xFA, 0x24, 0x26, 0x38, 0xB0, 0xCC, 0x54,
    0x4A, 0x99, 0x00, 0x50, 0x76, 0x51, 0x0D, 0x21, 0xFF, 0xC3, 0xA2, 0x83,
    0xFF, 0x8B, 0x87, 0xFF, 0x0A, 0xB0, 0xCD, 0x48, 0x4D, 0x1A, 0x11, 0xB5,
    0x12, 0x70, 0x15, 0x47, 0x04, 0xA8, 0x6A, 0x57, 0x02, 0x04, 0x81, 0xC0,
    0x86, 0xB4, 0x35, 0x04, 0xCA, 0x8E, 0x43, 0x7A, 0x50, 0xD0, 0x0A, 0x07,
    0x91, 0x81, 0x06, 0x74, 0x68, 0x1E, 0x6A, 0x19, 0x42, 0xF5, 0xA4, 0x0A,
    0x17, 0xAB, 0x12, 0x15, 0x66, 0x2A, 0xE4, 0x2D, 0x02, 0x16, 0x16, 0x1C,
    0xAA, 0x68, 0x1E, 0xA4, 0x3D, 0x51, 0x47, 0xB9, 0x08, 0x50, 0xB6, 0x11,
    0x02, 0x22, 0x1F, 0x90, 0x5F, 0xD5, 0xF8, 0x0F, 0x77, 0x5F, 0x21, 0xF9,
    0x83, 0xFF, 0x85, 0xA1, 0xFF, 0xC2, 0xB0, 0xFF, 0x35, 0x90, 0x30, 0x7B,
    0x05, 0x87, 0xFD, 0x50, 0xA0, 0x30, 0x79, 0xA9, 0x09, 0x83, 0xEA, 0x68,
    0x82, 0x0F, 0x20, 0x40, 0xDA, 0x1F, 0xFC, 0x1A, 0x20, 0x66, 0xEE, 0xBC,
    0x07, 0xFF, 0xAE, 0xE4, 0xC0, 0x88, 0xA1, 0x1F, 0x28, 0xAF, 0xFB, 0x20,
    0x51, 0x35, 0x91, 0x0F, 0xFE, 0x2B, 0x07, 0xFA, 0x50, 0x7E, 0x81, 0x07,
    0xCA, 0x0A, 0x0F, 0x41, 0x94, 0x1A, 0x0F, 0x41, 0x90, 0xF9, 0x04, 0x1F,
    0xA0, 0x21, 0xFF, 0xC9, 0x40, 0xA0, 0xFF, 0x38, 0x7F, 0xF0, 0x20, 0xF2,
    0x45, 0xC8, 0x48, 0x14, 0x32, 0x14, 0x15, 0xA0, 0x6C, 0x00, 0x50, 0xB6,
    0x31, 0x0F, 0xF9, 0x90, 0xFF, 0xE0, 0xCC, 0xC1, 0xFF, 0x51, 0x1A, 0x07,
    0xF5, 0x04, 0x50, 0x7F, 0x51, 0x10, 0x21, 0xFA, 0xA4, 0x08, 0x7F, 0x55,
    0xC2, 0x0A, 0x07, 0x56, 0x78, 0x68, 0x1D, 0x58, 0x08, 0x28, 0x1D, 0x43,
    0x41, 0x74, 0x0E, 0xA0, 0xA1, 0xBD, 0x07, 0x51, 0x16, 0x3D, 0x07, 0xE4,
    0x0B, 0x70, 0x7F, 0x28, 0x0D, 0x03, 0xFC, 0x89, 0x40, 0xFE, 0xA0, 0xAA,
    0x07, 0xFD, 0x35, 0x07, 0xFC, 0x50, 0xB6, 0x31, 0x0F, 0x28, 0x3F, 0xF8,
    0x58, 0x20, 0xFE, 0xB8, 0x94, 0x19, 0x41, 0x53, 0x84, 0x39, 0x02, 0x1F,
    0xFC, 0x3C, 0x4D, 0x0F, 0xE7, 0xE4, 0x70, 0xFF, 0xE0, 0x41, 0x50, 0x3C,
    0x84, 0x87, 0x70, 0x6F, 0x05, 0x07, 0x22, 0x07, 0x0A, 0x20, 0xEF, 0x50,
    0xC3, 0x44, 0x19, 0x04, 0x87, 0xA1, 0x0D, 0xE5, 0x18, 0x7F, 0xCA, 0x3C,
    0x86, 0x43, 0xF3, 0x08, 0x6C, 0x43, 0xF5, 0xCD, 0x08, 0x3F, 0xD6, 0x7A,
    0x00, 0x50, 0xB6, 0x31, 0x0F, 0x34, 0x50, 0x7F, 0xA9, 0xE3, 0xD2, 0x1E,
    0x68, 0x49, 0x73, 0x07, 0xA3, 0x0C, 0xC5, 0x02, 0x92, 0x43, 0xB0, 0x48,
    0xC1, 0xFC, 0xA0, 0x66, 0xB0, 0xB0, 0xB6, 0xA0, 0xCA, 0x14, 0x2C, 0x05,
    0x02, 0x13, 0x09, 0x07, 0x14, 0x02, 0xA6, 0x3C, 0x3A, 0xA0, 0xE9, 0x21,
    0x56, 0xA0, 0xF9, 0x81, 0x58, 0x3F, 0xE8, 0x12, 0x1F, 0xFC, 0x04, 0x70,
    0xFF, 0xE0, 0xB9, 0x07, 0xFF, 0x09, 0x60, 0xFF, 0xE1, 0xE8, 0x7C, 0x51,
    0x75, 0x71, 0x0E, 0x43, 0x9A, 0x92, 0x0D, 0x94, 0x50, 0x7F, 0xF1, 0xDA,
    0x07, 0x98, 0x88, 0x35, 0x34, 0x50, 0x77, 0x58, 0xA0, 0x26, 0xA5, 0x5E,
    0x78, 0xAE, 0x21, 0xBF, 0x8E, 0x41, 0x11, 0x50, 0x72, 0x21, 0xFF, 0xCA,
    0x83, 0xB0, 0xC8, 0x10, 0xE4, 0x34, 0x00, 0x50, 0xB6, 0x11, 0x0F, 0xCC,
    0x1F, 0xFC, 0x17, 0xD0, 0x7F, 0xCF, 0x7A, 0x0F, 0xF7, 0x3F, 0x41, 0xFD,
    0x40, 0xBD, 0x07, 0xF5, 0x0C, 0xF4, 0x1F, 0xA9, 0x85, 0xE8, 0x3D, 0x47,
    0xBD, 0x78, 0x3A, 0xC4, 0xF3, 0x68, 0x67, 0x4D, 0x29, 0xA1, 0xDA, 0x50,
    0x29, 0x0E, 0xA1, 0x40, 0xFF, 0x50, 0x3F, 0xF8, 0x2E, 0x0A, 0x07, 0xFB,
    0x4A, 0x07, 0xFF, 0x01, 0x0F, 0xFE, 0x14, 0x50, 0x3F, 0xE0, 0x50, 0xB6,
    0x31, 0x0F, 0x30, 0x7F, 0xF0, 0x68, 0x04, 0x3F, 0xD6, 0x93, 0x07, 0xEE,
    0x40, 0x84, 0x87, 0xCC, 0x1F, 0x61, 0xFC, 0x87, 0x61, 0xFB, 0x60, 0xA8,
    0x50, 0x3C, 0xE6, 0xCE, 0x0A, 0x07, 0xAA, 0x12, 0x80, 0xA0, 0x7A, 0xA0,
    0xB8, 0x14, 0x0F, 0xF9, 0xE0, 0x68, 0x7F, 0xCE, 0x8E, 0x1F, 0xFC, 0x07,
    0x05, 0x03, 0xFF, 0x81, 0x40, 0xFF, 0xE3, 0xE8, 0x7F, 0xF0, 0x34, 0x43,
    0xFF, 0x82, 0x94, 0x40, 0x50, 0x76, 0x51, 0x0C, 0x87, 0xFF, 0x0D, 0x88,
    0x3F, 0xF8, 0x37, 0x79, 0x0F, 0xFE, 0x06, 0x09, 0xC3, 0xFF, 0x80, 0xA0,
    0xA8, 0x1F, 0xFC, 0x0A, 0x05, 0x40, 0xFF, 0x94, 0x1A, 0x81, 0xFF, 0x38,
    0x6A, 0x21, 0xFD, 0x28, 0x34, 0x70, 0x7E, 0xE4, 0x3A, 0xB0, 0x79, 0xA0,
    0x6D, 0x2A, 0x0F, 0x2B, 0x47, 0x04, 0xD0, 0x3D, 0x5B, 0x4B, 0x28, 0x1F,
    0x30, 0x8F, 0x90, 0xFF, 0x34, 0x57, 0x50, 0x7F, 0xC9, 0x56, 0x1F, 0xFC,
    0x16, 0x9A, 0x00, 0x50, 0x76, 0x51, 0x02, 0x1F, 0xFC, 0x48, 0x83, 0xFF,
    0x87, 0x94, 0x0F, 0xFE, 0x13, 0x94, 0x0F, 0xFE, 0x15, 0x1A, 0x07, 0xFF,
    0x0A, 0xDA, 0x07, 0xFF, 0x0A, 0x1A, 0x30, 0x7F, 0xF0, 0x12, 0x09, 0x0F,
    0xFE, 0x02, 0x0E, 0xD0, 0xFF, 0xE0, 0x24, 0x44, 0x1F, 0xF6, 0x41, 0x50,
    0x3F, 0xE8, 0x0A, 0xA8, 0x3F, 0xEA, 0x35, 0xC1, 0xFF, 0x57, 0xB4, 0x3F,
    0xEA, 0xE7, 0x0F, 0xFE, 0x05, 0x45, 0x03, 0xFF, 0x83, 0x58, 0x51, 0x75,
    0x51, 0x64, 0x33, 0x4E, 0xC3, 0x70, 0x4D, 0x64, 0x3F, 0xF8, 0x4D, 0x64,
    0x39, 0x70, 0x72, 0x19, 0x0E, 0xFC, 0x1C, 0xD6, 0x43, 0x35, 0x90, 0xFF,
    0xE1, 0x35, 0x90, 0xFF, 0xE1, 0x35, 0x90, 0xFF, 0xE1, 0x35, 0x90, 0x76,
    0x1B, 0x80, 0x51, 0x35, 0x91, 0x0E, 0x50, 0x7F, 0x4A, 0x90, 0xF5, 0x76,
    0x1F, 0xFC, 0x6D, 0xF3, 0x87, 0x9D, 0x5A, 0x1E, 0xA1, 0x40, 0xF5, 0x0A,
    0x02, 0x89, 0x41, 0xC2, 0xF0, 0xE0, 0xD0, 0xDB, 0xA0, 0xD0, 0x2B, 0x0A,
    0x1E, 0x98, 0x10, 0x69, 0x58, 0x2D, 0x58, 0x64, 0xD5, 0x93, 0x52, 0x82,
    0xA9, 0xAD, 0xC1, 0x57, 0x34, 0x00, 0x51, 0x75, 0x51, 0x68, 0x82, 0x40,
    0xA3, 0x2F, 0x40, 0x72, 0x32, 0x05, 0x35, 0x41, 0xA4, 0x1C, 0x84, 0xB0,
    0xC4, 0x13, 0x1C, 0x1C, 0x98, 0x72, 0x82, 0x90, 0xB8, 0x4C, 0x09, 0xC9,
    0x83, 0x02, 0x6D, 0xAA, 0x05, 0x01, 0x22, 0x12, 0xB4, 0x43, 0x24, 0x1F,
    0x91, 0x10, 0xDC, 0x4E, 0x00, 0x50, 0x76, 0x51, 0x0E, 0x55, 0x72, 0x83,
    0xCC, 0x83, 0xF8, 0x0C, 0x85, 0xEA, 0xFF, 0x76, 0x19, 0xFF, 0xF4, 0x1F,
    0xFC, 0xBF, 0x48, 0x7C, 0xDC, 0x17, 0x41, 0xAE, 0x49, 0x09, 0x31, 0x55,
    0x60, 0x43, 0xB8, 0x3D, 0x16, 0x1F, 0x41, 0x9A, 0x34, 0x06, 0x12, 0xEA,
    0x35, 0x80, 0x86, 0xA6, 0xD1, 0xA8, 0x32, 0x12, 0x56, 0x60, 0xEC, 0x39,
    0xEA, 0x0F, 0xFE, 0x13, 0x07, 0xFF, 0x17, 0x90, 0xCD, 0x41, 0xF3, 0x0D,
    0x45, 0x03, 0x00, 0x50, 0xB6, 0x31, 0x0F, 0xFE, 0x04, 0x1F, 0xFC, 0x3A,
    0x78, 0x3F, 0xF8, 0x15, 0x98, 0x3F, 0xD5, 0x68, 0x7F, 0xF0, 0x2F, 0x17,
    0x83, 0xFC, 0xAF, 0xC8, 0x7F, 0x5D, 0x3D, 0x07, 0xF5, 0x44, 0x41, 0xFD,
    0x40, 0x51, 0x0F, 0xEA, 0x02, 0x81, 0xFE, 0xA0, 0x28, 0x1F, 0xEA, 0x02,
    0x81, 0xFE, 0xA0, 0x28, 0x1F, 0xCD, 0x01, 0x40, 0xFF, 0x70, 0x28, 0x1F,
    0xFC, 0x16, 0x81, 0xFF, 0xC0, 0xA1, 0x07, 0xFF, 0x04, 0x50, 0x76, 0x51,
    0x0F, 0xE6, 0x81, 0xFF, 0xC2, 0xE2, 0x81, 0xFF, 0xC0, 0xC1, 0x07, 0xFF,
    0x06, 0x9A, 0x0A, 0x07, 0xE6, 0x88, 0x75, 0x03, 0xD1, 0x07, 0xFF, 0x0A,
    0x88, 0x7F, 0x50, 0x27, 0x0F, 0xFE, 0x06, 0x83, 0x43, 0x9C, 0x39, 0xC7,
    0x18, 0x25, 0x07, 0xA7, 0x46, 0xA0, 0x21, 0xEB, 0xC8, 0x54, 0xC6, 0x0A,
    0xA1, 0xC3, 0x90, 0x4A, 0xA8, 0x2D, 0x0F, 0xCF, 0x01, 0xC7, 0x43, 0xE6,
    0x05, 0xA0, 0x8A, 0x94, 0x0D, 0x9A, 0x06, 0x6A, 0xCA, 0x02, 0x42, 0x50,
    0x7E, 0x4D, 0x17, 0xFF, 0x88, 0x57, 0xFF, 0x19, 0x0F, 0xFE, 0x22, 0xBF,
    0xFF, 0x88, 0x82, 0xB0, 0xD4, 0x87, 0xEE, 0xE8, 0xD4, 0x87, 0xF7, 0x23,
    0x5C, 0x1F, 0xFC, 0x06, 0xB8, 0x3F, 0x22, 0x35, 0x07, 0xF4, 0x98, 0xD4,
    0x1F, 0xD2, 0xD3, 0x40, 0xFF, 0x35, 0x0D, 0x03, 0xF5, 0x7F, 0xF1, 0x80,
    0x51, 0xB5, 0x31, 0x03, 0x52, 0x06, 0xF4, 0x91, 0xDD, 0xAA, 0x88, 0xFA,
    0x11, 0x55, 0xC1, 0x35, 0xC8, 0x7F, 0xF0, 0x58, 0x3C, 0xEA, 0x0E, 0x68,
    0x87, 0xC8, 0x73, 0xFA, 0x0B, 0x0C, 0x86, 0x5C, 0x1B, 0x40, 0xA0, 0x7D,
    0x4F, 0x51, 0x9A, 0x88, 0x50, 0xF5, 0xD1, 0x0C, 0xD4, 0x87, 0xD2, 0x7C,
    0x30, 0x6A, 0x69, 0x85, 0x40, 0x93, 0x8C, 0xC0, 0x86, 0x89, 0x68, 0xC3,
    0x31, 0xD4, 0xB1, 0x06, 0x6B, 0x25, 0x60, 0x90, 0xF9, 0x0F, 0xFE, 0x0B,
    0xC1, 0xFE, 0x68, 0x1F, 0xF4, 0x21, 0x90, 0xE8, 0x3F, 0x22, 0x0C, 0x3F,
    0xD8, 0x10, 0xF4, 0x12, 0x19, 0x0B, 0x61, 0x0E, 0x82, 0x7D, 0x15, 0x38,
    0x40, 0x50, 0xB6, 0x11, 0x0E, 0xA0, 0x28, 0x87, 0xEA, 0xDD, 0x18, 0x3D,
    0x40, 0x48, 0x5A, 0x1F, 0xEA, 0x01, 0xC3, 0xFF, 0x92, 0x87, 0xFF, 0x0A,
    0xA0, 0xD8, 0xC1, 0xE7, 0x81, 0x6F, 0x07, 0x95, 0x2A, 0x98, 0x88, 0x28,
    0xC2, 0x8A, 0x0D, 0x87, 0x51, 0x28, 0x1A, 0x8E, 0x14, 0x50, 0x70, 0xE4,
    0x33, 0x0E, 0x86, 0xC3, 0xEB, 0x83, 0xFE, 0xAC, 0x1F, 0xFC, 0x18, 0x3F,
    0x75, 0xC5, 0x7E, 0x00,
};

static constexpr std::size_t kEmojiCoreBinfontSize =
    sizeof(kEmojiCoreBinfont);

} // namespace ui::widgets::text_candidate_data
